Product Name,All
Stationt Name,BurnIn
Version,V1.0.0
Serial Number,V29103084201202385
Total Test Time,1056
DUTResult,Passed
Date Time,20210306145235
Stepname,MeasureValue,Unit,Lowlimit,Highlimit,Result,CycleTime
If,,,,,Done,6.21E-05
End,,,,,Done,5.3E-05
7.0.0 Error Code Check,62 FD 41 EF FF FF FF FF FF,,62 FD 41 EF FF FF FF FF FF,62 FD 41 EF FF FF FF FF FF,Passed,0.0001628
7.4.1 Power Test U Current OP4(0),419.854248432417,A,400,500,Passed,1.6171357
7.4.2 Power Test V Current OP4(0),420.80989021952,A,400,500,Passed,0.1750715
7.4.3 Power Test W Current OP4(0),422.527308565385,A,400,500,Passed,0.1744345
7.4.4 Power Test F_TEMP_MEAS_CTL  OP4(0),30,deg,20,99,Passed,0.000583
7.4.5 Power Test F_TEMP_MEAS_MOD OP4(0),68,deg,20,99,Passed,0.0003496
7.4.6 Power Test F_TEMP_MEAS_DRV OP4(0),32,deg,20,99,Passed,0.0004234
7.4.7 Power Test AN_CTP_COOLING_F OP4(0),41,deg,20,99,Passed,0.0009428
7.4.8 Power Test FSEVBLV_Voltage OP4(0),9,V,9,12,Passed,0.0005664
7.4.9 Power Test FSEVBHV_Voltage OP4(0),378,V,360,410,Passed,0.0008792
7.4.10 Power Test FTEABHV_UbatHV OP4(0),387,V,360,410,Passed,0.0003676
7.4.11 Power Test SAEABHV_Voltage OP4(0),378,V,360,410,Passed,0.0009682
7.8.1 Power Test U Current OP8(0),417.762478823253,A,400,500,Passed,0.1783034
7.8.2 Power Test V Current OP8(0),422.550904609791,A,400,500,Passed,0.1739154
7.8.3 Power Test W Current OP8(0),423.22998734673,A,400,500,Passed,0.1768931
7.8.4 Power Test F_TEMP_MEAS_CTL  OP8(0),31,deg,20,99,Passed,0.0003146
7.8.5 Power Test F_TEMP_MEAS_MOD OP8(0),69,deg,20,99,Passed,0.0003418
7.8.6 Power Test F_TEMP_MEAS_DRV OP8(0),33,deg,20,99,Passed,0.0006762
7.8.7 Power Test AN_CTP_COOLING_F OP8(0),44,deg,20,99,Passed,0.0004954
7.8.8 Power Test FSEVBLV_Voltage OP8(0),15,V,14,17,Passed,0.0003895
7.8.9 Power Test FSEVBHV_Voltage OP8(0),377,V,360,410,Passed,0.0004368
7.8.10 Power Test FTEABHV_UbatHV OP8(0),386,V,360,410,Passed,0.0003457
7.8.11 Power Test SAEABHV_Voltage OP8(0),377,V,360,410,Passed,0.0004092
7.4.1 Power Test U Current OP4(1),417.780021966896,A,400,500,Passed,0.1763236
7.4.2 Power Test V Current OP4(1),422.491330493981,A,400,500,Passed,0.1735588
7.4.3 Power Test W Current OP4(1),423.221110385096,A,400,500,Passed,0.1762593
7.4.4 Power Test F_TEMP_MEAS_CTL  OP4(1),32,deg,20,99,Passed,0.0001713
7.4.5 Power Test F_TEMP_MEAS_MOD OP4(1),70,deg,20,99,Passed,0.0001921
7.4.6 Power Test F_TEMP_MEAS_DRV OP4(1),34,deg,20,99,Passed,0.0001677
7.4.7 Power Test AN_CTP_COOLING_F OP4(1),46,deg,20,99,Passed,0.0002239
7.4.8 Power Test FSEVBLV_Voltage OP4(1),9,V,9,12,Passed,0.0001822
7.4.9 Power Test FSEVBHV_Voltage OP4(1),379,V,360,410,Passed,0.0001794
7.4.10 Power Test FTEABHV_UbatHV OP4(1),388,V,360,410,Passed,0.000191
7.4.11 Power Test SAEABHV_Voltage OP4(1),379,V,360,410,Passed,0.0001935
7.8.1 Power Test U Current OP8(1),416.266683686752,A,400,500,Passed,0.180737
7.8.2 Power Test V Current OP8(1),420.649313039537,A,400,500,Passed,0.1743649
7.8.3 Power Test W Current OP8(1),422.39972707709,A,400,500,Passed,0.1741379
7.8.4 Power Test F_TEMP_MEAS_CTL  OP8(1),33,deg,20,99,Passed,0.000203
7.8.5 Power Test F_TEMP_MEAS_MOD OP8(1),70,deg,20,99,Passed,0.00016
7.8.6 Power Test F_TEMP_MEAS_DRV OP8(1),36,deg,20,99,Passed,0.0001783
7.8.7 Power Test AN_CTP_COOLING_F OP8(1),47,deg,20,99,Passed,0.0001914
7.8.8 Power Test FSEVBLV_Voltage OP8(1),15,V,14,17,Passed,0.0001914
7.8.9 Power Test FSEVBHV_Voltage OP8(1),378,V,360,410,Passed,0.0001783
7.8.10 Power Test FTEABHV_UbatHV OP8(1),388,V,360,410,Passed,0.0003775
7.8.11 Power Test SAEABHV_Voltage OP8(1),378,V,360,410,Passed,0.000297
7.4.1 Power Test U Current OP4(2),417.357523560755,A,400,500,Passed,0.1796639
7.4.2 Power Test V Current OP4(2),419.181362475875,A,400,500,Passed,0.1754429
7.4.3 Power Test W Current OP4(2),421.436269088497,A,400,500,Passed,0.1766491
7.4.4 Power Test F_TEMP_MEAS_CTL  OP4(2),34,deg,20,99,Passed,0.0001585
7.4.5 Power Test F_TEMP_MEAS_MOD OP4(2),70,deg,20,99,Passed,0.0001956
7.4.6 Power Test F_TEMP_MEAS_DRV OP4(2),37,deg,20,99,Passed,0.0002493
7.4.7 Power Test AN_CTP_COOLING_F OP4(2),48,deg,20,99,Passed,0.0002295
7.4.8 Power Test FSEVBLV_Voltage OP4(2),9,V,9,12,Passed,0.000179
7.4.9 Power Test FSEVBHV_Voltage OP4(2),379,V,360,410,Passed,0.0002034
7.4.10 Power Test FTEABHV_UbatHV OP4(2),388,V,360,410,Passed,0.0002059
7.4.11 Power Test SAEABHV_Voltage OP4(2),379,V,360,410,Passed,0.0001861
7.8.1 Power Test U Current OP8(2),419.085944267966,A,400,500,Passed,0.1827741
7.8.2 Power Test V Current OP8(2),419.846067727378,A,400,500,Passed,0.1756347
7.8.3 Power Test W Current OP8(2),419.309487461569,A,400,500,Passed,0.1780884
7.8.4 Power Test F_TEMP_MEAS_CTL  OP8(2),35,deg,20,99,Passed,0.0001709
7.8.5 Power Test F_TEMP_MEAS_MOD OP8(2),71,deg,20,99,Passed,0.0001797
7.8.6 Power Test F_TEMP_MEAS_DRV OP8(2),39,deg,20,99,Passed,0.0001638
7.8.7 Power Test AN_CTP_COOLING_F OP8(2),49,deg,20,99,Passed,0.0001974
7.8.8 Power Test FSEVBLV_Voltage OP8(2),15,V,14,17,Passed,0.0115687
7.8.9 Power Test FSEVBHV_Voltage OP8(2),377,V,360,410,Passed,0.0002115
7.8.10 Power Test FTEABHV_UbatHV OP8(2),387,V,360,410,Passed,0.0001977
7.8.11 Power Test SAEABHV_Voltage OP8(2),377,V,360,410,Passed,0.0002161
7.4.1 Power Test U Current OP4(3),419.043764941843,A,400,500,Passed,0.1748794
7.4.2 Power Test V Current OP4(3),419.074835496617,A,400,500,Passed,0.1731573
7.4.3 Power Test W Current OP4(3),420.898128760882,A,400,500,Passed,0.1749136
7.4.4 Power Test F_TEMP_MEAS_CTL  OP4(3),36,deg,20,99,Passed,0.000161
7.4.5 Power Test F_TEMP_MEAS_MOD OP4(3),71,deg,20,99,Passed,0.0002341
7.4.6 Power Test F_TEMP_MEAS_DRV OP4(3),40,deg,20,99,Passed,0.0002083
7.4.7 Power Test AN_CTP_COOLING_F OP4(3),50,deg,20,99,Passed,0.0001974
7.4.8 Power Test FSEVBLV_Voltage OP4(3),9,V,9,12,Passed,0.0002401
7.4.9 Power Test FSEVBHV_Voltage OP4(3),378,V,360,410,Passed,0.0002232
7.4.10 Power Test FTEABHV_UbatHV OP4(3),388,V,360,410,Passed,0.0001977
7.4.11 Power Test SAEABHV_Voltage OP4(3),378,V,360,410,Passed,0.0002398
7.8.1 Power Test U Current OP8(3),417.136740307798,A,400,500,Passed,0.1794835
7.8.2 Power Test V Current OP8(3),421.151733128964,A,400,500,Passed,0.1739776
7.8.3 Power Test W Current OP8(3),422.195605224078,A,400,500,Passed,0.1749045
7.8.4 Power Test F_TEMP_MEAS_CTL  OP8(3),37,deg,20,99,Passed,0.0001868
7.8.5 Power Test F_TEMP_MEAS_MOD OP8(3),72,deg,20,99,Passed,0.0004619
7.8.6 Power Test F_TEMP_MEAS_DRV OP8(3),42,deg,20,99,Passed,0.0001939
7.8.7 Power Test AN_CTP_COOLING_F OP8(3),51,deg,20,99,Passed,0.0001949
7.8.8 Power Test FSEVBLV_Voltage OP8(3),15,V,14,17,Passed,0.0001691
7.8.9 Power Test FSEVBHV_Voltage OP8(3),378,V,360,410,Passed,0.0002504
7.8.10 Power Test FTEABHV_UbatHV OP8(3),387,V,360,410,Passed,0.0002998
7.8.11 Power Test SAEABHV_Voltage OP8(3),378,V,360,410,Passed,0.0001783
7.4.1 Power Test U Current OP4(4),419.096545659853,A,400,500,Passed,0.1711379
7.4.2 Power Test V Current OP4(4),421.099662909105,A,400,500,Passed,0.1718483
7.4.3 Power Test W Current OP4(4),420.323386019297,A,400,500,Passed,0.174611
7.4.4 Power Test F_TEMP_MEAS_CTL  OP4(4),38,deg,20,99,Passed,0.0001801
7.4.5 Power Test F_TEMP_MEAS_MOD OP4(4),72,deg,20,99,Passed,0.0001984
7.4.6 Power Test F_TEMP_MEAS_DRV OP4(4),43,deg,20,99,Passed,0.0001713
7.4.7 Power Test AN_CTP_COOLING_F OP4(4),51,deg,20,99,Passed,0.0001963
7.4.8 Power Test FSEVBLV_Voltage OP4(4),9,V,9,12,Passed,0.0001681
7.4.9 Power Test FSEVBHV_Voltage OP4(4),378,V,360,410,Passed,0.0001942
7.4.10 Power Test FTEABHV_UbatHV OP4(4),389,V,360,410,Passed,0.0002235
7.4.11 Power Test SAEABHV_Voltage OP4(4),378,V,360,410,Passed,0.0002172
7.8.1 Power Test U Current OP8(4),417.634688320109,A,400,500,Passed,0.1747025
7.8.2 Power Test V Current OP8(4),420.441732067444,A,400,500,Passed,0.1811629
7.8.3 Power Test W Current OP8(4),422.288191277234,A,400,500,Passed,0.1806491
7.8.4 Power Test F_TEMP_MEAS_CTL  OP8(4),38,deg,20,99,Passed,0.0001681
7.8.5 Power Test F_TEMP_MEAS_MOD OP8(4),72,deg,20,99,Passed,0.000196
7.8.6 Power Test F_TEMP_MEAS_DRV OP8(4),45,deg,20,99,Passed,0.0004389
7.8.7 Power Test AN_CTP_COOLING_F OP8(4),52,deg,20,99,Passed,0.0001942
7.8.8 Power Test FSEVBLV_Voltage OP8(4),15,V,14,17,Passed,0.0001787
7.8.9 Power Test FSEVBHV_Voltage OP8(4),378,V,360,410,Passed,0.0001889
7.8.10 Power Test FTEABHV_UbatHV OP8(4),387,V,360,410,Passed,0.0002285
7.8.11 Power Test SAEABHV_Voltage OP8(4),378,V,360,410,Passed,0.0002228
7.4.1 Power Test U Current OP4(5),418.859676910651,A,400,500,Passed,0.203444
7.4.2 Power Test V Current OP4(5),419.052563673517,A,400,500,Passed,0.177987
7.4.3 Power Test W Current OP4(5),419.245174662636,A,400,500,Passed,0.1786092
7.4.4 Power Test F_TEMP_MEAS_CTL  OP4(5),39,deg,20,99,Passed,0.0001847
7.4.5 Power Test F_TEMP_MEAS_MOD OP4(5),72,deg,20,99,Passed,0.0004128
7.4.6 Power Test F_TEMP_MEAS_DRV OP4(5),47,deg,20,99,Passed,0.0001773
7.4.7 Power Test AN_CTP_COOLING_F OP4(5),52,deg,20,99,Passed,0.000178
7.4.8 Power Test FSEVBLV_Voltage OP4(5),9,V,9,12,Passed,0.000172
7.4.9 Power Test FSEVBHV_Voltage OP4(5),377,V,360,410,Passed,0.0005085
7.4.10 Power Test FTEABHV_UbatHV OP4(5),387,V,360,410,Passed,0.0002228
7.4.11 Power Test SAEABHV_Voltage OP4(5),377,V,360,410,Passed,0.0002729
7.8.1 Power Test U Current OP8(5),415.502650370039,A,400,500,Passed,0.2245903
7.8.2 Power Test V Current OP8(5),417.700823651903,A,400,500,Passed,0.1742085
7.8.3 Power Test W Current OP8(5),421.20314761534,A,400,500,Passed,0.1783137
7.8.4 Power Test F_TEMP_MEAS_CTL  OP8(5),40,deg,20,99,Passed,0.0001691
7.8.5 Power Test F_TEMP_MEAS_MOD OP8(5),72,deg,20,99,Passed,0.0001716
7.8.6 Power Test F_TEMP_MEAS_DRV OP8(5),48,deg,20,99,Passed,0.0001677
7.8.7 Power Test AN_CTP_COOLING_F OP8(5),53,deg,20,99,Passed,0.0001734
7.8.8 Power Test FSEVBLV_Voltage OP8(5),15,V,14,17,Passed,0.0002899
7.8.9 Power Test FSEVBHV_Voltage OP8(5),378,V,360,410,Passed,0.0001882
7.8.10 Power Test FTEABHV_UbatHV OP8(5),385,V,360,410,Passed,0.000226
7.8.11 Power Test SAEABHV_Voltage OP8(5),378,V,360,410,Passed,0.0002097
7.4.1 Power Test U Current OP4(6),416.627783654819,A,400,500,Passed,0.1799192
7.4.2 Power Test V Current OP4(6),421.072397185619,A,400,500,Passed,0.1745704
7.4.3 Power Test W Current OP4(6),422.173021450241,A,400,500,Passed,0.1760372
7.4.4 Power Test F_TEMP_MEAS_CTL  OP4(6),41,deg,20,99,Passed,0.0001674
7.4.5 Power Test F_TEMP_MEAS_MOD OP4(6),72,deg,20,99,Passed,0.0001557
7.4.6 Power Test F_TEMP_MEAS_DRV OP4(6),50,deg,20,99,Passed,0.000172
7.4.7 Power Test AN_CTP_COOLING_F OP4(6),53,deg,20,99,Passed,0.0004763
7.4.8 Power Test FSEVBLV_Voltage OP4(6),9,V,9,12,Passed,0.0001808
7.4.9 Power Test FSEVBHV_Voltage OP4(6),379,V,360,410,Passed,0.0002405
7.4.10 Power Test FTEABHV_UbatHV OP4(6),388,V,360,410,Passed,0.0002352
7.4.11 Power Test SAEABHV_Voltage OP4(6),379,V,360,410,Passed,0.000602
7.8.1 Power Test U Current OP8(6),416.107402825183,A,400,500,Passed,0.1796841
7.8.2 Power Test V Current OP8(6),420.563002565433,A,400,500,Passed,0.1742742
7.8.3 Power Test W Current OP8(6),422.060006394995,A,400,500,Passed,0.176158
7.8.4 Power Test F_TEMP_MEAS_CTL  OP8(6),42,deg,20,99,Passed,0.0001681
7.8.5 Power Test F_TEMP_MEAS_MOD OP8(6),72,deg,20,99,Passed,0.0001868
7.8.6 Power Test F_TEMP_MEAS_DRV OP8(6),51,deg,20,99,Passed,0.0001575
7.8.7 Power Test AN_CTP_COOLING_F OP8(6),53,deg,20,99,Passed,0.0002857
7.8.8 Power Test FSEVBLV_Voltage OP8(6),15,V,14,17,Passed,0.0001928
7.8.9 Power Test FSEVBHV_Voltage OP8(6),379,V,360,410,Passed,0.0001981
7.8.10 Power Test FTEABHV_UbatHV OP8(6),388,V,360,410,Passed,0.0002362
7.8.11 Power Test SAEABHV_Voltage OP8(6),379,V,360,410,Passed,0.0002097
7.4.1 Power Test U Current OP4(7),422.202361343735,A,400,500,Passed,0.1869202
7.4.2 Power Test V Current OP4(7),419.981394417407,A,400,500,Passed,0.174503
7.4.3 Power Test W Current OP4(7),421.000046457178,A,400,500,Passed,0.1791745
7.4.4 Power Test F_TEMP_MEAS_CTL  OP4(7),43,deg,20,99,Passed,0.0001871
7.4.5 Power Test F_TEMP_MEAS_MOD OP4(7),73,deg,20,99,Passed,0.0001801
7.4.6 Power Test F_TEMP_MEAS_DRV OP4(7),53,deg,20,99,Passed,0.0001822
7.4.7 Power Test AN_CTP_COOLING_F OP4(7),54,deg,20,99,Passed,0.0001776
7.4.8 Power Test FSEVBLV_Voltage OP4(7),9,V,9,12,Passed,0.0001808
7.4.9 Power Test FSEVBHV_Voltage OP4(7),377,V,360,410,Passed,0.0005032
7.4.10 Power Test FTEABHV_UbatHV OP4(7),388,V,360,410,Passed,0.0002179
7.4.11 Power Test SAEABHV_Voltage OP4(7),377,V,360,410,Passed,0.0002179
7.8.1 Power Test U Current OP8(7),418.22443571843,A,400,500,Passed,0.2078525
7.8.2 Power Test V Current OP8(7),420.256067704693,A,400,500,Passed,0.1763172
7.8.3 Power Test W Current OP8(7),421.931578032209,A,400,500,Passed,0.1767759
7.8.4 Power Test F_TEMP_MEAS_CTL  OP8(7),44,deg,20,99,Passed,0.0001808
7.8.5 Power Test F_TEMP_MEAS_MOD OP8(7),73,deg,20,99,Passed,0.0002811
7.8.6 Power Test F_TEMP_MEAS_DRV OP8(7),54,deg,20,99,Passed,0.0001804
7.8.7 Power Test AN_CTP_COOLING_F OP8(7),54,deg,20,99,Passed,0.000197
7.8.8 Power Test FSEVBLV_Voltage OP8(7),15,V,14,17,Passed,0.0001931
7.8.9 Power Test FSEVBHV_Voltage OP8(7),378,V,360,410,Passed,0.0004827
7.8.10 Power Test FTEABHV_UbatHV OP8(7),387,V,360,410,Passed,0.0002214
7.8.11 Power Test SAEABHV_Voltage OP8(7),378,V,360,410,Passed,0.000268
7.4.1 Power Test U Current OP4(8),418.3405079409,A,400,500,Passed,0.1946588
7.4.2 Power Test V Current OP4(8),418.912219695497,A,400,500,Passed,0.173497
7.4.3 Power Test W Current OP4(8),422.539717166636,A,400,500,Passed,0.1765365
7.4.4 Power Test F_TEMP_MEAS_CTL  OP4(8),45,deg,20,99,Passed,0.000233
7.4.5 Power Test F_TEMP_MEAS_MOD OP4(8),73,deg,20,99,Passed,0.0001871
7.4.6 Power Test F_TEMP_MEAS_DRV OP4(8),55,deg,20,99,Passed,0.0001843
7.4.7 Power Test AN_CTP_COOLING_F OP4(8),54,deg,20,99,Passed,0.0001787
7.4.8 Power Test FSEVBLV_Voltage OP4(8),9,V,9,12,Passed,0.0001737
7.4.9 Power Test FSEVBHV_Voltage OP4(8),378,V,360,410,Passed,0.000304
7.4.10 Power Test FTEABHV_UbatHV OP4(8),388,V,360,410,Passed,0.0002122
7.4.11 Power Test SAEABHV_Voltage OP4(8),378,V,360,410,Passed,0.0002175
7.8.1 Power Test U Current OP8(8),417.338598750881,A,400,500,Passed,0.1869771
7.8.2 Power Test V Current OP8(8),418.477282711957,A,400,500,Passed,0.1748504
7.8.3 Power Test W Current OP8(8),421.179668557205,A,400,500,Passed,0.1776866
7.8.4 Power Test F_TEMP_MEAS_CTL  OP8(8),46,deg,20,99,Passed,0.0001826
7.8.5 Power Test F_TEMP_MEAS_MOD OP8(8),73,deg,20,99,Passed,0.0001847
7.8.6 Power Test F_TEMP_MEAS_DRV OP8(8),57,deg,20,99,Passed,0.0004068
7.8.7 Power Test AN_CTP_COOLING_F OP8(8),55,deg,20,99,Passed,0.0003206
7.8.8 Power Test FSEVBLV_Voltage OP8(8),15,V,14,17,Passed,0.0002595
7.8.9 Power Test FSEVBHV_Voltage OP8(8),377,V,360,410,Passed,0.0001974
7.8.10 Power Test FTEABHV_UbatHV OP8(8),386,V,360,410,Passed,0.0003799
7.8.11 Power Test SAEABHV_Voltage OP8(8),377,V,360,410,Passed,0.0002366
7.4.1 Power Test U Current OP4(9),417.243073108389,A,400,500,Passed,0.1809517
7.4.2 Power Test V Current OP4(9),418.457499116959,A,400,500,Passed,0.1751364
7.4.3 Power Test W Current OP4(9),422.156890410632,A,400,500,Passed,0.1991005
7.4.4 Power Test F_TEMP_MEAS_CTL  OP4(9),47,deg,20,99,Passed,0.0001705
7.4.5 Power Test F_TEMP_MEAS_MOD OP4(9),74,deg,20,99,Passed,0.0004241
7.4.6 Power Test F_TEMP_MEAS_DRV OP4(9),58,deg,20,99,Passed,0.0001896
7.4.7 Power Test AN_CTP_COOLING_F OP4(9),55,deg,20,99,Passed,0.0002885
7.4.8 Power Test FSEVBLV_Voltage OP4(9),9,V,9,12,Passed,0.0001744
7.4.9 Power Test FSEVBHV_Voltage OP4(9),378,V,360,410,Passed,0.0001889
7.4.10 Power Test FTEABHV_UbatHV OP4(9),386,V,360,410,Passed,0.0005127
7.4.11 Power Test SAEABHV_Voltage OP4(9),378,V,360,410,Passed,0.000315
7.8.1 Power Test U Current OP8(9),418.295923492687,A,400,500,Passed,0.1765234
7.8.2 Power Test V Current OP8(9),419.070444919153,A,400,500,Passed,0.1811745
7.8.3 Power Test W Current OP8(9),422.844928563826,A,400,500,Passed,0.1751371
7.8.4 Power Test F_TEMP_MEAS_CTL  OP8(9),48,deg,20,99,Passed,0.000179
7.8.5 Power Test F_TEMP_MEAS_MOD OP8(9),74,deg,20,99,Passed,0.0002701
7.8.6 Power Test F_TEMP_MEAS_DRV OP8(9),59,deg,20,99,Passed,0.0001575
7.8.7 Power Test AN_CTP_COOLING_F OP8(9),55,deg,20,99,Passed,0.0002052
7.8.8 Power Test FSEVBLV_Voltage OP8(9),15,V,14,17,Passed,0.0001822
7.8.9 Power Test FSEVBHV_Voltage OP8(9),379,V,360,410,Passed,0.0001893
7.8.10 Power Test FTEABHV_UbatHV OP8(9),388,V,360,410,Passed,0.0002048
7.8.11 Power Test SAEABHV_Voltage OP8(9),379,V,360,410,Passed,0.0002052
7.4.1 Power Test U Current OP4(10),418.205230979892,A,400,500,Passed,0.1749482
7.4.2 Power Test V Current OP4(10),421.369737825863,A,400,500,Passed,0.1798839
7.4.3 Power Test W Current OP4(10),419.989376701695,A,400,500,Passed,0.1736795
7.4.4 Power Test F_TEMP_MEAS_CTL  OP4(10),48,deg,20,99,Passed,0.0001723
7.4.5 Power Test F_TEMP_MEAS_MOD OP4(10),74,deg,20,99,Passed,0.0001578
7.4.6 Power Test F_TEMP_MEAS_DRV OP4(10),60,deg,20,99,Passed,0.0003167
7.4.7 Power Test AN_CTP_COOLING_F OP4(10),56,deg,20,99,Passed,0.0001861
7.4.8 Power Test FSEVBLV_Voltage OP4(10),9,V,9,12,Passed,0.0001589
7.4.9 Power Test FSEVBHV_Voltage OP4(10),377,V,360,410,Passed,0.0002684
7.4.10 Power Test FTEABHV_UbatHV OP4(10),387,V,360,410,Passed,0.0005339
7.4.11 Power Test SAEABHV_Voltage OP4(10),377,V,360,410,Passed,0.0001928
7.8.1 Power Test U Current OP8(10),420.523803054866,A,400,500,Passed,0.2153429
7.8.2 Power Test V Current OP8(10),421.684718093682,A,400,500,Passed,0.1741785
7.8.3 Power Test W Current OP8(10),421.502497918121,A,400,500,Passed,0.1776241
7.8.4 Power Test F_TEMP_MEAS_CTL  OP8(10),49,deg,20,99,Passed,0.00016
7.8.5 Power Test F_TEMP_MEAS_MOD OP8(10),75,deg,20,99,Passed,0.0001783
7.8.6 Power Test F_TEMP_MEAS_DRV OP8(10),61,deg,20,99,Passed,0.0002299
7.8.7 Power Test AN_CTP_COOLING_F OP8(10),56,deg,20,99,Passed,0.0001854
7.8.8 Power Test FSEVBLV_Voltage OP8(10),15,V,14,17,Passed,0.0002172
7.8.9 Power Test FSEVBHV_Voltage OP8(10),378,V,360,410,Passed,0.0002698
7.8.10 Power Test FTEABHV_UbatHV OP8(10),388,V,360,410,Passed,0.0001967
7.8.11 Power Test SAEABHV_Voltage OP8(10),378,V,360,410,Passed,0.0001953
7.4.1 Power Test U Current OP4(11),423.368496866498,A,400,500,Passed,0.1903301
7.4.2 Power Test V Current OP4(11),420.097007738826,A,400,500,Passed,0.1803391
7.4.3 Power Test W Current OP4(11),422.067664653434,A,400,500,Passed,0.1808391
7.4.4 Power Test F_TEMP_MEAS_CTL  OP4(11),50,deg,20,99,Passed,0.0001829
7.4.5 Power Test F_TEMP_MEAS_MOD OP4(11),75,deg,20,99,Passed,0.0001741
7.4.6 Power Test F_TEMP_MEAS_DRV OP4(11),62,deg,20,99,Passed,0.0002203
7.4.7 Power Test AN_CTP_COOLING_F OP4(11),56,deg,20,99,Passed,0.00019
7.4.8 Power Test FSEVBLV_Voltage OP4(11),9,V,9,12,Passed,0.0001758
7.4.9 Power Test FSEVBHV_Voltage OP4(11),378,V,360,410,Passed,0.0002023
7.4.10 Power Test FTEABHV_UbatHV OP4(11),387,V,360,410,Passed,0.0002281
7.4.11 Power Test SAEABHV_Voltage OP4(11),378,V,360,410,Passed,0.0002278
7.8.1 Power Test U Current OP8(11),421.861030700768,A,400,500,Passed,0.2267337
7.8.2 Power Test V Current OP8(11),420.070191852723,A,400,500,Passed,0.1749196
7.8.3 Power Test W Current OP8(11),420.625662284435,A,400,500,Passed,0.1706556
7.8.4 Power Test F_TEMP_MEAS_CTL  OP8(11),51,deg,20,99,Passed,0.0001677
7.8.5 Power Test F_TEMP_MEAS_MOD OP8(11),73,deg,20,99,Passed,0.000489
7.8.6 Power Test F_TEMP_MEAS_DRV OP8(11),63,deg,20,99,Passed,0.000203
7.8.7 Power Test AN_CTP_COOLING_F OP8(11),57,deg,20,99,Passed,0.0001886
7.8.8 Power Test FSEVBLV_Voltage OP8(11),15,V,14,17,Passed,0.00047
7.8.9 Power Test FSEVBHV_Voltage OP8(11),378,V,360,410,Passed,0.0001702
7.8.10 Power Test FTEABHV_UbatHV OP8(11),387,V,360,410,Passed,0.0005847
7.8.11 Power Test SAEABHV_Voltage OP8(11),378,V,360,410,Passed,0.0002549
7.4.1 Power Test U Current OP4(12),418.8528380832,A,400,500,Passed,0.1777695
7.4.2 Power Test V Current OP4(12),419.879971572186,A,400,500,Passed,0.1740097
7.4.3 Power Test W Current OP4(12),422.241805665118,A,400,500,Passed,0.1758126
7.4.4 Power Test F_TEMP_MEAS_CTL  OP4(12),52,deg,20,99,Passed,0.000191
7.4.5 Power Test F_TEMP_MEAS_MOD OP4(12),70,deg,20,99,Passed,0.000197
7.4.6 Power Test F_TEMP_MEAS_DRV OP4(12),64,deg,20,99,Passed,0.0001653
7.4.7 Power Test AN_CTP_COOLING_F OP4(12),56,deg,20,99,Passed,0.0003104
7.4.8 Power Test FSEVBLV_Voltage OP4(12),9,V,9,12,Passed,0.000184
7.4.9 Power Test FSEVBHV_Voltage OP4(12),377,V,360,410,Passed,0.000179
7.4.10 Power Test FTEABHV_UbatHV OP4(12),388,V,360,410,Passed,0.0002165
7.4.11 Power Test SAEABHV_Voltage OP4(12),377,V,360,410,Passed,0.0005632
7.8.1 Power Test U Current OP8(12),418.538978965569,A,400,500,Passed,0.1782932
7.8.2 Power Test V Current OP8(12),422.206599372132,A,400,500,Passed,0.174611
7.8.3 Power Test W Current OP8(12),423.55832297944,A,400,500,Passed,0.1729504
7.8.4 Power Test F_TEMP_MEAS_CTL  OP8(12),52,deg,20,99,Passed,0.0001642
7.8.5 Power Test F_TEMP_MEAS_MOD OP8(12),71,deg,20,99,Passed,0.0002458
7.8.6 Power Test F_TEMP_MEAS_DRV OP8(12),65,deg,20,99,Passed,0.0002059
7.8.7 Power Test AN_CTP_COOLING_F OP8(12),55,deg,20,99,Passed,0.0002186
7.8.8 Power Test FSEVBLV_Voltage OP8(12),15,V,14,17,Passed,0.0001833
7.8.9 Power Test FSEVBHV_Voltage OP8(12),378,V,360,410,Passed,0.0001861
7.8.10 Power Test FTEABHV_UbatHV OP8(12),387,V,360,410,Passed,0.0002196
7.8.11 Power Test SAEABHV_Voltage OP8(12),378,V,360,410,Passed,0.0002853
7.4.1 Power Test U Current OP4(13),421.103494326915,A,400,500,Passed,0.1977245
7.4.2 Power Test V Current OP4(13),421.106962987145,A,400,500,Passed,0.1746619
7.4.3 Power Test W Current OP4(13),424.259186706222,A,400,500,Passed,0.1734878
7.4.4 Power Test F_TEMP_MEAS_CTL  OP4(13),53,deg,20,99,Passed,0.0002292
7.4.5 Power Test F_TEMP_MEAS_MOD OP4(13),71,deg,20,99,Passed,0.000161
7.4.6 Power Test F_TEMP_MEAS_DRV OP4(13),66,deg,20,99,Passed,0.0001656
7.4.7 Power Test AN_CTP_COOLING_F OP4(13),55,deg,20,99,Passed,0.0001882
7.4.8 Power Test FSEVBLV_Voltage OP4(13),9,V,9,12,Passed,0.0002129
7.4.9 Power Test FSEVBHV_Voltage OP4(13),377,V,360,410,Passed,0.0002066
7.4.10 Power Test FTEABHV_UbatHV OP4(13),386,V,360,410,Passed,0.0006949
7.4.11 Power Test SAEABHV_Voltage OP4(13),377,V,360,410,Passed,0.0002196
7.8.1 Power Test U Current OP8(13),422.212466234511,A,400,500,Passed,0.2122384
7.8.2 Power Test V Current OP8(13),420.806872416984,A,400,500,Passed,0.1709338
7.8.3 Power Test W Current OP8(13),424.306804627461,A,400,500,Passed,0.1813641
7.8.4 Power Test F_TEMP_MEAS_CTL  OP8(13),54,deg,20,99,Passed,0.0001744
7.8.5 Power Test F_TEMP_MEAS_MOD OP8(13),71,deg,20,99,Passed,0.0001621
7.8.6 Power Test F_TEMP_MEAS_DRV OP8(13),67,deg,20,99,Passed,0.0001924
7.8.7 Power Test AN_CTP_COOLING_F OP8(13),55,deg,20,99,Passed,0.0001893
7.8.8 Power Test FSEVBLV_Voltage OP8(13),15,V,14,17,Passed,0.0001804
7.8.9 Power Test FSEVBHV_Voltage OP8(13),378,V,360,410,Passed,0.000191
7.8.10 Power Test FTEABHV_UbatHV OP8(13),387,V,360,410,Passed,0.0002104
7.8.11 Power Test SAEABHV_Voltage OP8(13),378,V,360,410,Passed,0.0002366
7.4.1 Power Test U Current OP4(14),419.925089046496,A,400,500,Passed,0.1809535
7.4.2 Power Test V Current OP4(14),421.559841264764,A,400,500,Passed,0.1859372
7.4.3 Power Test W Current OP4(14),423.05262112681,A,400,500,Passed,0.1842723
7.4.4 Power Test F_TEMP_MEAS_CTL  OP4(14),54,deg,20,99,Passed,0.0001621
7.4.5 Power Test F_TEMP_MEAS_MOD OP4(14),71,deg,20,99,Passed,0.0001854
7.4.6 Power Test F_TEMP_MEAS_DRV OP4(14),68,deg,20,99,Passed,0.0001949
7.4.7 Power Test AN_CTP_COOLING_F OP4(14),55,deg,20,99,Passed,0.000167
7.4.8 Power Test FSEVBLV_Voltage OP4(14),9,V,9,12,Passed,0.0001751
7.4.9 Power Test FSEVBHV_Voltage OP4(14),377,V,360,410,Passed,0.0002779
7.4.10 Power Test FTEABHV_UbatHV OP4(14),387,V,360,410,Passed,0.0002263
7.4.11 Power Test SAEABHV_Voltage OP4(14),377,V,360,410,Passed,0.0002828
7.8.1 Power Test U Current OP8(14),420.499540278901,A,400,500,Passed,0.1804422
7.8.2 Power Test V Current OP8(14),421.139725081277,A,400,500,Passed,0.1843288
7.8.3 Power Test W Current OP8(14),421.69903150811,A,400,500,Passed,0.1795495
7.8.4 Power Test F_TEMP_MEAS_CTL  OP8(14),55,deg,20,99,Passed,0.000173
7.8.5 Power Test F_TEMP_MEAS_MOD OP8(14),72,deg,20,99,Passed,0.0001956
7.8.6 Power Test F_TEMP_MEAS_DRV OP8(14),69,deg,20,99,Passed,0.0002143
7.8.7 Power Test AN_CTP_COOLING_F OP8(14),55,deg,20,99,Passed,0.0001698
7.8.8 Power Test FSEVBLV_Voltage OP8(14),15,V,14,17,Passed,0.0002839
7.8.9 Power Test FSEVBHV_Voltage OP8(14),377,V,360,410,Passed,0.0001794
7.8.10 Power Test FTEABHV_UbatHV OP8(14),386,V,360,410,Passed,0.0005261
7.8.11 Power Test SAEABHV_Voltage OP8(14),377,V,360,410,Passed,0.0005353
7.4.1 Power Test U Current OP4(15),420.347985190086,A,400,500,Passed,0.1818242
7.4.2 Power Test V Current OP4(15),420.495966174771,A,400,500,Passed,0.181267
7.4.3 Power Test W Current OP4(15),423.087299828871,A,400,500,Passed,0.1899989
7.4.4 Power Test F_TEMP_MEAS_CTL  OP4(15),56,deg,20,99,Passed,0.0001653
7.4.5 Power Test F_TEMP_MEAS_MOD OP4(15),72,deg,20,99,Passed,0.0003838
7.4.6 Power Test F_TEMP_MEAS_DRV OP4(15),69,deg,20,99,Passed,0.0001963
7.4.7 Power Test AN_CTP_COOLING_F OP4(15),55,deg,20,99,Passed,0.000167
7.4.8 Power Test FSEVBLV_Voltage OP4(15),9,V,9,12,Passed,0.0002571
7.4.9 Power Test FSEVBHV_Voltage OP4(15),377,V,360,410,Passed,0.0001854
7.4.10 Power Test FTEABHV_UbatHV OP4(15),386,V,360,410,Passed,0.0002518
7.4.11 Power Test SAEABHV_Voltage OP4(15),377,V,360,410,Passed,0.0005727
7.8.1 Power Test U Current OP8(15),419.65376724631,A,400,500,Passed,0.1760245
7.8.2 Power Test V Current OP8(15),421.62060254011,A,400,500,Passed,0.1850205
7.8.3 Power Test W Current OP8(15),421.314754831814,A,400,500,Passed,0.1816353
7.8.4 Power Test F_TEMP_MEAS_CTL  OP8(15),56,deg,20,99,Passed,0.0001903
7.8.5 Power Test F_TEMP_MEAS_MOD OP8(15),73,deg,20,99,Passed,0.0001801
7.8.6 Power Test F_TEMP_MEAS_DRV OP8(15),70,deg,20,99,Passed,0.0001787
7.8.7 Power Test AN_CTP_COOLING_F OP8(15),56,deg,20,99,Passed,0.0001893
7.8.8 Power Test FSEVBLV_Voltage OP8(15),15,V,14,17,Passed,0.0002691
7.8.9 Power Test FSEVBHV_Voltage OP8(15),378,V,360,410,Passed,0.000458
7.8.10 Power Test FTEABHV_UbatHV OP8(15),387,V,360,410,Passed,0.0004707
7.8.11 Power Test SAEABHV_Voltage OP8(15),378,V,360,410,Passed,0.0002165
7.4.1 Power Test U Current OP4(16),421.882316708833,A,400,500,Passed,0.1904474
7.4.2 Power Test V Current OP4(16),422.022738776737,A,400,500,Passed,0.1754606
7.4.3 Power Test W Current OP4(16),421.24424657355,A,400,500,Passed,0.1752441
7.4.4 Power Test F_TEMP_MEAS_CTL  OP4(16),57,deg,20,99,Passed,0.0002044
7.4.5 Power Test F_TEMP_MEAS_MOD OP4(16),73,deg,20,99,Passed,0.0002059
7.4.6 Power Test F_TEMP_MEAS_DRV OP4(16),71,deg,20,99,Passed,0.0001607
7.4.7 Power Test AN_CTP_COOLING_F OP4(16),56,deg,20,99,Passed,0.0003287
7.4.8 Power Test FSEVBLV_Voltage OP4(16),9,V,9,12,Passed,0.0002885
7.4.9 Power Test FSEVBHV_Voltage OP4(16),377,V,360,410,Passed,0.0001967
7.4.10 Power Test FTEABHV_UbatHV OP4(16),386,V,360,410,Passed,0.0005946
7.4.11 Power Test SAEABHV_Voltage OP4(16),377,V,360,410,Passed,0.0005929
7.8.1 Power Test U Current OP8(16),419.831984739532,A,400,500,Passed,0.1748208
7.8.2 Power Test V Current OP8(16),420.724846625058,A,400,500,Passed,0.1784274
7.8.3 Power Test W Current OP8(16),421.893897921459,A,400,500,Passed,0.1879174
7.8.4 Power Test F_TEMP_MEAS_CTL  OP8(16),57,deg,20,99,Passed,0.0001843
7.8.5 Power Test F_TEMP_MEAS_MOD OP8(16),74,deg,20,99,Passed,0.0005127
7.8.6 Power Test F_TEMP_MEAS_DRV OP8(16),72,deg,20,99,Passed,0.0001667
7.8.7 Power Test AN_CTP_COOLING_F OP8(16),56,deg,20,99,Passed,0.0002564
7.8.8 Power Test FSEVBLV_Voltage OP8(16),15,V,14,17,Passed,0.0001709
7.8.9 Power Test FSEVBHV_Voltage OP8(16),377,V,360,410,Passed,0.0005388
7.8.10 Power Test FTEABHV_UbatHV OP8(16),386,V,360,410,Passed,0.0002104
7.8.11 Power Test SAEABHV_Voltage OP8(16),377,V,360,410,Passed,0.000209
7.4.1 Power Test U Current OP4(17),419.231096362953,A,400,500,Passed,0.1760245
7.4.2 Power Test V Current OP4(17),422.364809870095,A,400,500,Passed,0.1738377
7.4.3 Power Test W Current OP4(17),424.450902448384,A,400,500,Passed,0.1739581
7.4.4 Power Test F_TEMP_MEAS_CTL  OP4(17),58,deg,20,99,Passed,0.0002175
7.4.5 Power Test F_TEMP_MEAS_MOD OP4(17),73,deg,20,99,Passed,0.0001889
7.4.6 Power Test F_TEMP_MEAS_DRV OP4(17),72,deg,20,99,Passed,0.0003806
7.4.7 Power Test AN_CTP_COOLING_F OP4(17),57,deg,20,99,Passed,0.0002426
7.4.8 Power Test FSEVBLV_Voltage OP4(17),9,V,9,12,Passed,0.0001663
7.4.9 Power Test FSEVBHV_Voltage OP4(17),377,V,360,410,Passed,0.0001967
7.4.10 Power Test FTEABHV_UbatHV OP4(17),386,V,360,410,Passed,0.0006758
7.4.11 Power Test SAEABHV_Voltage OP4(17),377,V,360,410,Passed,0.000697
7.8.1 Power Test U Current OP8(17),419.021050814745,A,400,500,Passed,0.186529
7.8.2 Power Test V Current OP8(17),420.077964429697,A,400,500,Passed,0.1885251
7.8.3 Power Test W Current OP8(17),422.736838600652,A,400,500,Passed,0.1761015
7.8.4 Power Test F_TEMP_MEAS_CTL  OP8(17),58,deg,20,99,Passed,0.0003241
7.8.5 Power Test F_TEMP_MEAS_MOD OP8(17),71,deg,20,99,Passed,0.0001751
7.8.6 Power Test F_TEMP_MEAS_DRV OP8(17),73,deg,20,99,Passed,0.0001734
7.8.7 Power Test AN_CTP_COOLING_F OP8(17),56,deg,20,99,Passed,0.0003997
7.8.8 Power Test FSEVBLV_Voltage OP8(17),15,V,14,17,Passed,0.0001875
7.8.9 Power Test FSEVBHV_Voltage OP8(17),377,V,360,410,Passed,0.0001896
7.8.10 Power Test FTEABHV_UbatHV OP8(17),385,V,360,410,Passed,0.0002235
7.8.11 Power Test SAEABHV_Voltage OP8(17),377,V,360,410,Passed,0.0003323
7.4.1 Power Test U Current OP4(18),422.049530457391,A,400,500,Passed,0.1965402
7.4.2 Power Test V Current OP4(18),422.688184985895,A,400,500,Passed,0.1756862
7.4.3 Power Test W Current OP4(18),419.709145091246,A,400,500,Passed,0.1727629
7.4.4 Power Test F_TEMP_MEAS_CTL  OP4(18),59,deg,20,99,Passed,0.0001748
7.4.5 Power Test F_TEMP_MEAS_MOD OP4(18),71,deg,20,99,Passed,0.0001681
7.4.6 Power Test F_TEMP_MEAS_DRV OP4(18),73,deg,20,99,Passed,0.0001709
7.4.7 Power Test AN_CTP_COOLING_F OP4(18),56,deg,20,99,Passed,0.0001804
7.4.8 Power Test FSEVBLV_Voltage OP4(18),9,V,9,12,Passed,0.000179
7.4.9 Power Test FSEVBHV_Voltage OP4(18),379,V,360,410,Passed,0.0001787
7.4.10 Power Test FTEABHV_UbatHV OP4(18),386,V,360,410,Passed,0.0002059
7.4.11 Power Test SAEABHV_Voltage OP4(18),379,V,360,410,Passed,0.0002115
7.8.1 Power Test U Current OP8(18),419.804997349398,A,400,500,Passed,0.1917238
7.8.2 Power Test V Current OP8(18),422.709529252657,A,400,500,Passed,0.1753063
7.8.3 Power Test W Current OP8(18),420.726651974438,A,400,500,Passed,0.1751223
7.8.4 Power Test F_TEMP_MEAS_CTL  OP8(18),59,deg,20,99,Passed,0.0001977
7.8.5 Power Test F_TEMP_MEAS_MOD OP8(18),71,deg,20,99,Passed,0.00044
7.8.6 Power Test F_TEMP_MEAS_DRV OP8(18),74,deg,20,99,Passed,0.0001656
7.8.7 Power Test AN_CTP_COOLING_F OP8(18),56,deg,20,99,Passed,0.0002295
7.8.8 Power Test FSEVBLV_Voltage OP8(18),15,V,14,17,Passed,0.0001801
7.8.9 Power Test FSEVBHV_Voltage OP8(18),378,V,360,410,Passed,0.0002006
7.8.10 Power Test FTEABHV_UbatHV OP8(18),387,V,360,410,Passed,0.000196
7.8.11 Power Test SAEABHV_Voltage OP8(18),378,V,360,410,Passed,0.0005258
7.4.1 Power Test U Current OP4(19),421.095189682238,A,400,500,Passed,0.1818959
7.4.2 Power Test V Current OP4(19),421.75694475647,A,400,500,Passed,0.1770485
7.4.3 Power Test W Current OP4(19),422.174855463522,A,400,500,Passed,0.1804796
7.4.4 Power Test F_TEMP_MEAS_CTL  OP4(19),59,deg,20,99,Passed,0.000179
7.4.5 Power Test F_TEMP_MEAS_MOD OP4(19),71,deg,20,99,Passed,0.0003068
7.4.6 Power Test F_TEMP_MEAS_DRV OP4(19),74,deg,20,99,Passed,0.0001787
7.4.7 Power Test AN_CTP_COOLING_F OP4(19),56,deg,20,99,Passed,0.000191
7.4.8 Power Test FSEVBLV_Voltage OP4(19),9,V,9,12,Passed,0.0002588
7.4.9 Power Test FSEVBHV_Voltage OP4(19),378,V,360,410,Passed,0.0001924
7.4.10 Power Test FTEABHV_UbatHV OP4(19),386,V,360,410,Passed,0.000202
7.4.11 Power Test SAEABHV_Voltage OP4(19),378,V,360,410,Passed,0.0002097
7.8.1 Power Test U Current OP8(19),419.33569733254,A,400,500,Passed,0.2032908
7.8.2 Power Test V Current OP8(19),422.293964355753,A,400,500,Passed,0.176117
7.8.3 Power Test W Current OP8(19),422.519741795936,A,400,500,Passed,0.1753663
7.8.4 Power Test F_TEMP_MEAS_CTL  OP8(19),60,deg,20,99,Passed,0.0001995
7.8.5 Power Test F_TEMP_MEAS_MOD OP8(19),72,deg,20,99,Passed,0.0003051
7.8.6 Power Test F_TEMP_MEAS_DRV OP8(19),75,deg,20,99,Passed,0.0004777
7.8.7 Power Test AN_CTP_COOLING_F OP8(19),56,deg,20,99,Passed,0.0001833
7.8.8 Power Test FSEVBLV_Voltage OP8(19),15,V,14,17,Passed,0.0001931
7.8.9 Power Test FSEVBHV_Voltage OP8(19),377,V,360,410,Passed,0.0003037
7.8.10 Power Test FTEABHV_UbatHV OP8(19),386,V,360,410,Passed,0.0002408
7.8.11 Power Test SAEABHV_Voltage OP8(19),377,V,360,410,Passed,0.0002044
7.4.1 Power Test U Current OP4(20),418.955738640381,A,400,500,Passed,0.1792889
7.4.2 Power Test V Current OP4(20),422.660762472285,A,400,500,Passed,0.1826921
7.4.3 Power Test W Current OP4(20),421.315945596753,A,400,500,Passed,0.1891769
7.4.4 Power Test F_TEMP_MEAS_CTL  OP4(20),60,deg,20,99,Passed,0.0001702
7.4.5 Power Test F_TEMP_MEAS_MOD OP4(20),72,deg,20,99,Passed,0.0001967
7.4.6 Power Test F_TEMP_MEAS_DRV OP4(20),75,deg,20,99,Passed,0.0001794
7.4.7 Power Test AN_CTP_COOLING_F OP4(20),56,deg,20,99,Passed,0.0002878
7.4.8 Power Test FSEVBLV_Voltage OP4(20),9,V,9,12,Passed,0.000256
7.4.9 Power Test FSEVBHV_Voltage OP4(20),379,V,360,410,Passed,0.0004841
7.4.10 Power Test FTEABHV_UbatHV OP4(20),387,V,360,410,Passed,0.0002528
7.4.11 Power Test SAEABHV_Voltage OP4(20),379,V,360,410,Passed,0.000227
7.8.1 Power Test U Current OP8(20),421.655393222768,A,400,500,Passed,0.1863302
7.8.2 Power Test V Current OP8(20),424.15724749683,A,400,500,Passed,0.1741569
7.8.3 Power Test W Current OP8(20),420.741417843246,A,400,500,Passed,0.1734433
7.8.4 Power Test F_TEMP_MEAS_CTL  OP8(20),61,deg,20,99,Passed,0.0001727
7.8.5 Power Test F_TEMP_MEAS_MOD OP8(20),73,deg,20,99,Passed,0.0001882
7.8.6 Power Test F_TEMP_MEAS_DRV OP8(20),76,deg,20,99,Passed,0.0002048
7.8.7 Power Test AN_CTP_COOLING_F OP8(20),56,deg,20,99,Passed,0.000172
7.8.8 Power Test FSEVBLV_Voltage OP8(20),15,V,14,17,Passed,0.0001734
7.8.9 Power Test FSEVBHV_Voltage OP8(20),378,V,360,410,Passed,0.0001833
7.8.10 Power Test FTEABHV_UbatHV OP8(20),387,V,360,410,Passed,0.0002203
7.8.11 Power Test SAEABHV_Voltage OP8(20),378,V,360,410,Passed,0.0002147
7.4.1 Power Test U Current OP4(21),421.591812069042,A,400,500,Passed,0.1739493
7.4.2 Power Test V Current OP4(21),422.762041552726,A,400,500,Passed,0.1891313
7.4.3 Power Test W Current OP4(21),423.149458293654,A,400,500,Passed,0.1766329
7.4.4 Power Test F_TEMP_MEAS_CTL  OP4(21),61,deg,20,99,Passed,0.0001631
7.4.5 Power Test F_TEMP_MEAS_MOD OP4(21),73,deg,20,99,Passed,0.0005526
7.4.6 Power Test F_TEMP_MEAS_DRV OP4(21),76,deg,20,99,Passed,0.0001797
7.4.7 Power Test AN_CTP_COOLING_F OP4(21),56,deg,20,99,Passed,0.0001716
7.4.8 Power Test FSEVBLV_Voltage OP4(21),9,V,9,12,Passed,0.0005078
7.4.9 Power Test FSEVBHV_Voltage OP4(21),377,V,360,410,Passed,0.0001939
7.4.10 Power Test FTEABHV_UbatHV OP4(21),386,V,360,410,Passed,0.0002119
7.4.11 Power Test SAEABHV_Voltage OP4(21),377,V,360,410,Passed,0.0003153
7.8.1 Power Test U Current OP8(21),421.808010916467,A,400,500,Passed,0.1755051
7.8.2 Power Test V Current OP8(21),421.099431579005,A,400,500,Passed,0.1790647
7.8.3 Power Test W Current OP8(21),421.202372249301,A,400,500,Passed,0.1810679
7.8.4 Power Test F_TEMP_MEAS_CTL  OP8(21),61,deg,20,99,Passed,0.0001716
7.8.5 Power Test F_TEMP_MEAS_MOD OP8(21),73,deg,20,99,Passed,0.0001861
7.8.6 Power Test F_TEMP_MEAS_DRV OP8(21),76,deg,20,99,Passed,0.0001875
7.8.7 Power Test AN_CTP_COOLING_F OP8(21),57,deg,20,99,Passed,0.0001684
7.8.8 Power Test FSEVBLV_Voltage OP8(21),15,V,14,17,Passed,0.0004477
7.8.9 Power Test FSEVBHV_Voltage OP8(21),377,V,360,410,Passed,0.0001935
7.8.10 Power Test FTEABHV_UbatHV OP8(21),385,V,360,410,Passed,0.0002165
7.8.11 Power Test SAEABHV_Voltage OP8(21),377,V,360,410,Passed,0.0002888
7.4.1 Power Test U Current OP4(22),421.83232294774,A,400,500,Passed,0.1993533
7.4.2 Power Test V Current OP4(22),422.704724232041,A,400,500,Passed,0.1735157
7.4.3 Power Test W Current OP4(22),423.802675300516,A,400,500,Passed,0.1749659
7.4.4 Power Test F_TEMP_MEAS_CTL  OP4(22),62,deg,20,99,Passed,0.0002436
7.4.5 Power Test F_TEMP_MEAS_MOD OP4(22),72,deg,20,99,Passed,0.0002256
7.4.6 Power Test F_TEMP_MEAS_DRV OP4(22),77,deg,20,99,Passed,0.000196
7.4.7 Power Test AN_CTP_COOLING_F OP4(22),57,deg,20,99,Passed,0.0001995
7.4.8 Power Test FSEVBLV_Voltage OP4(22),9,V,9,12,Passed,0.0002104
7.4.9 Power Test FSEVBHV_Voltage OP4(22),377,V,360,410,Passed,0.0005537
7.4.10 Power Test FTEABHV_UbatHV OP4(22),386,V,360,410,Passed,0.0002394
7.4.11 Power Test SAEABHV_Voltage OP4(22),377,V,360,410,Passed,0.0002087
7.8.1 Power Test U Current OP8(22),419.376441192079,A,400,500,Passed,0.1775114
7.8.2 Power Test V Current OP8(22),421.626374993717,A,400,500,Passed,0.1976069
7.8.3 Power Test W Current OP8(22),420.624698022057,A,400,500,Passed,0.1855908
7.8.4 Power Test F_TEMP_MEAS_CTL  OP8(22),62,deg,20,99,Passed,0.0001868
7.8.5 Power Test F_TEMP_MEAS_MOD OP8(22),71,deg,20,99,Passed,0.0003948
7.8.6 Power Test F_TEMP_MEAS_DRV OP8(22),77,deg,20,99,Passed,0.0001833
7.8.7 Power Test AN_CTP_COOLING_F OP8(22),56,deg,20,99,Passed,0.0001956
7.8.8 Power Test FSEVBLV_Voltage OP8(22),15,V,14,17,Passed,0.0002157
7.8.9 Power Test FSEVBHV_Voltage OP8(22),377,V,360,410,Passed,0.0001861
7.8.10 Power Test FTEABHV_UbatHV OP8(22),386,V,360,410,Passed,0.000655
7.8.11 Power Test SAEABHV_Voltage OP8(22),377,V,360,410,Passed,0.0003128
7.4.1 Power Test U Current OP4(23),416.835702004408,A,400,500,Passed,0.1792695
7.4.2 Power Test V Current OP4(23),423.903868909575,A,400,500,Passed,0.1813634
7.4.3 Power Test W Current OP4(23),423.064978856392,A,400,500,Passed,0.1820498
7.4.4 Power Test F_TEMP_MEAS_CTL  OP4(23),62,deg,20,99,Passed,0.00022
7.4.5 Power Test F_TEMP_MEAS_MOD OP4(23),71,deg,20,99,Passed,0.0001879
7.4.6 Power Test F_TEMP_MEAS_DRV OP4(23),78,deg,20,99,Passed,0.0003312
7.4.7 Power Test AN_CTP_COOLING_F OP4(23),56,deg,20,99,Passed,0.000453
7.4.8 Power Test FSEVBLV_Voltage OP4(23),9,V,9,12,Passed,0.0001766
7.4.9 Power Test FSEVBHV_Voltage OP4(23),377,V,360,410,Passed,0.0002027
7.4.10 Power Test FTEABHV_UbatHV OP4(23),388,V,360,410,Passed,0.0002059
7.4.11 Power Test SAEABHV_Voltage OP4(23),377,V,360,410,Passed,0.0002094
7.8.1 Power Test U Current OP8(23),420.308116872881,A,400,500,Passed,0.1810124
7.8.2 Power Test V Current OP8(23),422.861089508587,A,400,500,Passed,0.187012
7.8.3 Power Test W Current OP8(23),423.489400336948,A,400,500,Passed,0.1900335
7.8.4 Power Test F_TEMP_MEAS_CTL  OP8(23),62,deg,20,99,Passed,0.0001751
7.8.5 Power Test F_TEMP_MEAS_MOD OP8(23),71,deg,20,99,Passed,0.0001695
7.8.6 Power Test F_TEMP_MEAS_DRV OP8(23),78,deg,20,99,Passed,0.0001833
7.8.7 Power Test AN_CTP_COOLING_F OP8(23),56,deg,20,99,Passed,0.0001857
7.8.8 Power Test FSEVBLV_Voltage OP8(23),15,V,14,17,Passed,0.0002645
7.8.9 Power Test FSEVBHV_Voltage OP8(23),377,V,360,410,Passed,0.0001956
7.8.10 Power Test FTEABHV_UbatHV OP8(23),386,V,360,410,Passed,0.0004491
7.8.11 Power Test SAEABHV_Voltage OP8(23),377,V,360,410,Passed,0.0002016
7.4.1 Power Test U Current OP4(24),420.14400035532,A,400,500,Passed,0.1756756
7.4.2 Power Test V Current OP4(24),423.51858723194,A,400,500,Passed,0.1765457
7.4.3 Power Test W Current OP4(24),422.691852028357,A,400,500,Passed,0.1745545
7.4.4 Power Test F_TEMP_MEAS_CTL  OP4(24),63,deg,20,99,Passed,0.000173
7.4.5 Power Test F_TEMP_MEAS_MOD OP4(24),71,deg,20,99,Passed,0.0002627
7.4.6 Power Test F_TEMP_MEAS_DRV OP4(24),78,deg,20,99,Passed,0.0001886
7.4.7 Power Test AN_CTP_COOLING_F OP4(24),56,deg,20,99,Passed,0.0007687
7.4.8 Power Test FSEVBLV_Voltage OP4(24),9,V,9,12,Passed,0.000197
7.4.9 Power Test FSEVBHV_Voltage OP4(24),377,V,360,410,Passed,0.0001822
7.4.10 Power Test FTEABHV_UbatHV OP4(24),388,V,360,410,Passed,0.0002083
7.4.11 Power Test SAEABHV_Voltage OP4(24),377,V,360,410,Passed,0.0005491
7.8.1 Power Test U Current OP8(24),421.046203521786,A,400,500,Passed,0.1791809
7.8.2 Power Test V Current OP8(24),421.95416157319,A,400,500,Passed,0.1753335
7.8.3 Power Test W Current OP8(24),422.506246877442,A,400,500,Passed,0.1763497
7.8.4 Power Test F_TEMP_MEAS_CTL  OP8(24),63,deg,20,99,Passed,0.0001868
7.8.5 Power Test F_TEMP_MEAS_MOD OP8(24),72,deg,20,99,Passed,0.0001804
7.8.6 Power Test F_TEMP_MEAS_DRV OP8(24),78,deg,20,99,Passed,0.0002193
7.8.7 Power Test AN_CTP_COOLING_F OP8(24),56,deg,20,99,Passed,0.0001981
7.8.8 Power Test FSEVBLV_Voltage OP8(24),15,V,14,17,Passed,0.0001734
7.8.9 Power Test FSEVBHV_Voltage OP8(24),377,V,360,410,Passed,0.0001977
7.8.10 Power Test FTEABHV_UbatHV OP8(24),386,V,360,410,Passed,0.0002157
7.8.11 Power Test SAEABHV_Voltage OP8(24),377,V,360,410,Passed,0.0002161
7.4.1 Power Test U Current OP4(25),421.684978133541,A,400,500,Passed,0.1775284
7.4.2 Power Test V Current OP4(25),421.967972767971,A,400,500,Passed,0.1805033
7.4.3 Power Test W Current OP4(25),422.842249932029,A,400,500,Passed,0.2302015
7.4.4 Power Test F_TEMP_MEAS_CTL  OP4(25),63,deg,20,99,Passed,0.0001744
7.4.5 Power Test F_TEMP_MEAS_MOD OP4(25),72,deg,20,99,Passed,0.0002295
7.4.6 Power Test F_TEMP_MEAS_DRV OP4(25),79,deg,20,99,Passed,0.0002037
7.4.7 Power Test AN_CTP_COOLING_F OP4(25),56,deg,20,99,Passed,0.0002242
7.4.8 Power Test FSEVBLV_Voltage OP4(25),9,V,9,12,Passed,0.0002182
7.4.9 Power Test FSEVBHV_Voltage OP4(25),379,V,360,410,Passed,0.0002634
7.4.10 Power Test FTEABHV_UbatHV OP4(25),388,V,360,410,Passed,0.0005819
7.4.11 Power Test SAEABHV_Voltage OP4(25),379,V,360,410,Passed,0.0003923
7.8.1 Power Test U Current OP8(25),419.638244103198,A,400,500,Passed,0.1766099
7.8.2 Power Test V Current OP8(25),421.07973197637,A,400,500,Passed,0.1765012
7.8.3 Power Test W Current OP8(25),422.805957031492,A,400,500,Passed,0.1783161
7.8.4 Power Test F_TEMP_MEAS_CTL  OP8(25),64,deg,20,99,Passed,0.0001691
7.8.5 Power Test F_TEMP_MEAS_MOD OP8(25),73,deg,20,99,Passed,0.0002842
7.8.6 Power Test F_TEMP_MEAS_DRV OP8(25),79,deg,20,99,Passed,0.0004078
7.8.7 Power Test AN_CTP_COOLING_F OP8(25),57,deg,20,99,Passed,0.0002754
7.8.8 Power Test FSEVBLV_Voltage OP8(25),15,V,14,17,Passed,0.0001949
7.8.9 Power Test FSEVBHV_Voltage OP8(25),378,V,360,410,Passed,0.0001744
7.8.10 Power Test FTEABHV_UbatHV OP8(25),387,V,360,410,Passed,0.0002112
7.8.11 Power Test SAEABHV_Voltage OP8(25),378,V,360,410,Passed,0.0002023
7.4.1 Power Test U Current OP4(26),419.226569853827,A,400,500,Passed,0.1747597
7.4.2 Power Test V Current OP4(26),423.326761440341,A,400,500,Passed,0.2245751
7.4.3 Power Test W Current OP4(26),423.101548970833,A,400,500,Passed,0.1754295
7.4.4 Power Test F_TEMP_MEAS_CTL  OP4(26),64,deg,20,99,Passed,0.0001744
7.4.5 Power Test F_TEMP_MEAS_MOD OP4(26),73,deg,20,99,Passed,0.0001766
7.4.6 Power Test F_TEMP_MEAS_DRV OP4(26),79,deg,20,99,Passed,0.0001963
7.4.7 Power Test AN_CTP_COOLING_F OP4(26),57,deg,20,99,Passed,0.0002387
7.4.8 Power Test FSEVBLV_Voltage OP4(26),9,V,9,12,Passed,0.0002359
7.4.9 Power Test FSEVBHV_Voltage OP4(26),379,V,360,410,Passed,0.000197
7.4.10 Power Test FTEABHV_UbatHV OP4(26),388,V,360,410,Passed,0.0002034
7.4.11 Power Test SAEABHV_Voltage OP4(26),379,V,360,410,Passed,0.0005448
7.8.1 Power Test U Current OP8(26),418.647025122814,A,400,500,Passed,0.1802003
7.8.2 Power Test V Current OP8(26),421.729317005181,A,400,500,Passed,0.1868432
7.8.3 Power Test W Current OP8(26),427.056774098729,A,400,500,Passed,0.1844449
7.8.4 Power Test F_TEMP_MEAS_CTL  OP8(26),64,deg,20,99,Passed,0.0001946
7.8.5 Power Test F_TEMP_MEAS_MOD OP8(26),73,deg,20,99,Passed,0.0001826
7.8.6 Power Test F_TEMP_MEAS_DRV OP8(26),79,deg,20,99,Passed,0.0002037
7.8.7 Power Test AN_CTP_COOLING_F OP8(26),57,deg,20,99,Passed,0.0002207
7.8.8 Power Test FSEVBLV_Voltage OP8(26),15,V,14,17,Passed,0.0001854
7.8.9 Power Test FSEVBHV_Voltage OP8(26),377,V,360,410,Passed,0.0001847
7.8.10 Power Test FTEABHV_UbatHV OP8(26),386,V,360,410,Passed,0.0002165
7.8.11 Power Test SAEABHV_Voltage OP8(26),377,V,360,410,Passed,0.0002348
7.4.1 Power Test U Current OP4(27),417.314957249789,A,400,500,Passed,0.1790661
7.4.2 Power Test V Current OP4(27),421.929391339164,A,400,500,Passed,0.2328212
7.4.3 Power Test W Current OP4(27),423.840556588865,A,400,500,Passed,0.192085
7.4.4 Power Test F_TEMP_MEAS_CTL  OP4(27),64,deg,20,99,Passed,0.0002126
7.4.5 Power Test F_TEMP_MEAS_MOD OP4(27),72,deg,20,99,Passed,0.0002193
7.4.6 Power Test F_TEMP_MEAS_DRV OP4(27),80,deg,20,99,Passed,0.0001942
7.4.7 Power Test AN_CTP_COOLING_F OP4(27),57,deg,20,99,Passed,0.0001723
7.4.8 Power Test FSEVBLV_Voltage OP4(27),9,V,9,12,Passed,0.0001808
7.4.9 Power Test FSEVBHV_Voltage OP4(27),378,V,360,410,Passed,0.0008075
7.4.10 Power Test FTEABHV_UbatHV OP4(27),387,V,360,410,Passed,0.0001984
7.4.11 Power Test SAEABHV_Voltage OP4(27),378,V,360,410,Passed,0.0002129
7.8.1 Power Test U Current OP8(27),419.665347594271,A,400,500,Passed,0.1845993
7.8.2 Power Test V Current OP8(27),422.067314570392,A,400,500,Passed,0.1789782
7.8.3 Power Test W Current OP8(27),426.078655375623,A,400,500,Passed,0.178493
7.8.4 Power Test F_TEMP_MEAS_CTL  OP8(27),64,deg,20,99,Passed,0.0001999
7.8.5 Power Test F_TEMP_MEAS_MOD OP8(27),71,deg,20,99,Passed,0.0001847
7.8.6 Power Test F_TEMP_MEAS_DRV OP8(27),80,deg,20,99,Passed,0.0001921
7.8.7 Power Test AN_CTP_COOLING_F OP8(27),57,deg,20,99,Passed,0.0001921
7.8.8 Power Test FSEVBLV_Voltage OP8(27),15,V,14,17,Passed,0.0001758
7.8.9 Power Test FSEVBHV_Voltage OP8(27),378,V,360,410,Passed,0.0006744
7.8.10 Power Test FTEABHV_UbatHV OP8(27),387,V,360,410,Passed,0.0014329
7.8.11 Power Test SAEABHV_Voltage OP8(27),378,V,360,410,Passed,0.0002355
7.4.1 Power Test U Current OP4(28),420.613081815335,A,400,500,Passed,0.1839411
7.4.2 Power Test V Current OP4(28),420.061954951105,A,400,500,Passed,0.1783098
7.4.3 Power Test W Current OP4(28),426.819933393677,A,400,500,Passed,0.1806148
7.4.4 Power Test F_TEMP_MEAS_CTL  OP4(28),65,deg,20,99,Passed,0.0001674
7.4.5 Power Test F_TEMP_MEAS_MOD OP4(28),71,deg,20,99,Passed,0.000262
7.4.6 Power Test F_TEMP_MEAS_DRV OP4(28),80,deg,20,99,Passed,0.0001561
7.4.7 Power Test AN_CTP_COOLING_F OP4(28),56,deg,20,99,Passed,0.0001688
7.4.8 Power Test FSEVBLV_Voltage OP4(28),9,V,9,12,Passed,0.0001709
7.4.9 Power Test FSEVBHV_Voltage OP4(28),379,V,360,410,Passed,0.0002945
7.4.10 Power Test FTEABHV_UbatHV OP4(28),386,V,360,410,Passed,0.0005254
7.4.11 Power Test SAEABHV_Voltage OP4(28),379,V,360,410,Passed,0.0005749
7.8.1 Power Test U Current OP8(28),422.777625184082,A,400,500,Passed,0.1830622
7.8.2 Power Test V Current OP8(28),420.765215002816,A,400,500,Passed,0.1915967
7.8.3 Power Test W Current OP8(28),425.035778837364,A,400,500,Passed,0.1832366
7.8.4 Power Test F_TEMP_MEAS_CTL  OP8(28),65,deg,20,99,Passed,0.0001833
7.8.5 Power Test F_TEMP_MEAS_MOD OP8(28),71,deg,20,99,Passed,0.00034
7.8.6 Power Test F_TEMP_MEAS_DRV OP8(28),80,deg,20,99,Passed,0.0001624
7.8.7 Power Test AN_CTP_COOLING_F OP8(28),56,deg,20,99,Passed,0.0002786
7.8.8 Power Test FSEVBLV_Voltage OP8(28),15,V,14,17,Passed,0.0001776
7.8.9 Power Test FSEVBHV_Voltage OP8(28),378,V,360,410,Passed,0.0003856
7.8.10 Power Test FTEABHV_UbatHV OP8(28),385,V,360,410,Passed,0.0004679
7.8.11 Power Test SAEABHV_Voltage OP8(28),378,V,360,410,Passed,0.0006988
7.4.1 Power Test U Current OP4(29),420.592804320739,A,400,500,Passed,0.1951164
7.4.2 Power Test V Current OP4(29),422.407320081665,A,400,500,Passed,0.1795933
7.4.3 Power Test W Current OP4(29),423.532390402236,A,400,500,Passed,0.1778504
7.4.4 Power Test F_TEMP_MEAS_CTL  OP4(29),65,deg,20,99,Passed,0.0001766
7.4.5 Power Test F_TEMP_MEAS_MOD OP4(29),72,deg,20,99,Passed,0.0002571
7.4.6 Power Test F_TEMP_MEAS_DRV OP4(29),81,deg,20,99,Passed,0.0001808
7.4.7 Power Test AN_CTP_COOLING_F OP4(29),56,deg,20,99,Passed,0.0001758
7.4.8 Power Test FSEVBLV_Voltage OP4(29),9,V,9,12,Passed,0.0001783
7.4.9 Power Test FSEVBHV_Voltage OP4(29),379,V,360,410,Passed,0.0002338
7.4.10 Power Test FTEABHV_UbatHV OP4(29),386,V,360,410,Passed,0.0004763
7.4.11 Power Test SAEABHV_Voltage OP4(29),379,V,360,410,Passed,0.0003005
7.8.1 Power Test U Current OP8(29),419.058787460119,A,400,500,Passed,0.1798345
7.8.2 Power Test V Current OP8(29),421.613561452626,A,400,500,Passed,0.1969324
7.8.3 Power Test W Current OP8(29),422.786722773089,A,400,500,Passed,0.1844368
7.8.4 Power Test F_TEMP_MEAS_CTL  OP8(29),65,deg,20,99,Passed,0.0001755
7.8.5 Power Test F_TEMP_MEAS_MOD OP8(29),72,deg,20,99,Passed,0.0001826
7.8.6 Power Test F_TEMP_MEAS_DRV OP8(29),81,deg,20,99,Passed,0.0001755
7.8.7 Power Test AN_CTP_COOLING_F OP8(29),57,deg,20,99,Passed,0.000208
7.8.8 Power Test FSEVBLV_Voltage OP8(29),15,V,14,17,Passed,0.0002104
7.8.9 Power Test FSEVBHV_Voltage OP8(29),377,V,360,410,Passed,0.0001815
7.8.10 Power Test FTEABHV_UbatHV OP8(29),387,V,360,410,Passed,0.0002306
7.8.11 Power Test SAEABHV_Voltage OP8(29),377,V,360,410,Passed,0.000256
7.4.1 Power Test U Current OP4(30),420.234274774409,A,400,500,Passed,0.1847497
7.4.2 Power Test V Current OP4(30),419.215416803707,A,400,500,Passed,0.1846723
7.4.3 Power Test W Current OP4(30),422.698129206606,A,400,500,Passed,0.1809256
7.4.4 Power Test F_TEMP_MEAS_CTL  OP4(30),65,deg,20,99,Passed,0.0001758
7.4.5 Power Test F_TEMP_MEAS_MOD OP4(30),73,deg,20,99,Passed,0.000178
7.4.6 Power Test F_TEMP_MEAS_DRV OP4(30),81,deg,20,99,Passed,0.0002309
7.4.7 Power Test AN_CTP_COOLING_F OP4(30),57,deg,20,99,Passed,0.000173
7.4.8 Power Test FSEVBLV_Voltage OP4(30),9,V,9,12,Passed,0.0001903
7.4.9 Power Test FSEVBHV_Voltage OP4(30),377,V,360,410,Passed,0.0004986
7.4.10 Power Test FTEABHV_UbatHV OP4(30),386,V,360,410,Passed,0.0006239
7.4.11 Power Test SAEABHV_Voltage OP4(30),377,V,360,410,Passed,0.0004993
7.8.1 Power Test U Current OP8(30),417.79716495156,A,400,500,Passed,0.1788652
7.8.2 Power Test V Current OP8(30),419.276960137663,A,400,500,Passed,0.1793606
7.8.3 Power Test W Current OP8(30),422.856638434787,A,400,500,Passed,0.1888097
7.8.4 Power Test F_TEMP_MEAS_CTL  OP8(30),65,deg,20,99,Passed,0.0002553
7.8.5 Power Test F_TEMP_MEAS_MOD OP8(30),73,deg,20,99,Passed,0.0002136
7.8.6 Power Test F_TEMP_MEAS_DRV OP8(30),81,deg,20,99,Passed,0.0001931
7.8.7 Power Test AN_CTP_COOLING_F OP8(30),57,deg,20,99,Passed,0.000196
7.8.8 Power Test FSEVBLV_Voltage OP8(30),15,V,14,17,Passed,0.0002249
7.8.9 Power Test FSEVBHV_Voltage OP8(30),377,V,360,410,Passed,0.0002087
7.8.10 Power Test FTEABHV_UbatHV OP8(30),387,V,360,410,Passed,0.0002302
7.8.11 Power Test SAEABHV_Voltage OP8(30),377,V,360,410,Passed,0.0006169
7.4.1 Power Test U Current OP4(31),419.213657968328,A,400,500,Passed,0.1818775
7.4.2 Power Test V Current OP4(31),421.224666546091,A,400,500,Passed,0.1840459
7.4.3 Power Test W Current OP4(31),423.44730282552,A,400,500,Passed,0.1804874
7.4.4 Power Test F_TEMP_MEAS_CTL  OP4(31),66,deg,20,99,Passed,0.000184
7.4.5 Power Test F_TEMP_MEAS_MOD OP4(31),71,deg,20,99,Passed,0.000184
7.4.6 Power Test F_TEMP_MEAS_DRV OP4(31),81,deg,20,99,Passed,0.000184
7.4.7 Power Test AN_CTP_COOLING_F OP4(31),57,deg,20,99,Passed,0.0002871
7.4.8 Power Test FSEVBLV_Voltage OP4(31),9,V,9,12,Passed,0.0002242
7.4.9 Power Test FSEVBHV_Voltage OP4(31),378,V,360,410,Passed,0.0001953
7.4.10 Power Test FTEABHV_UbatHV OP4(31),387,V,360,410,Passed,0.0002126
7.4.11 Power Test SAEABHV_Voltage OP4(31),378,V,360,410,Passed,0.0002027
7.8.1 Power Test U Current OP8(31),419.935463360644,A,400,500,Passed,0.1868107
7.8.2 Power Test V Current OP8(31),421.74608050488,A,400,500,Passed,0.1856734
7.8.3 Power Test W Current OP8(31),424.764988092078,A,400,500,Passed,0.1809376
7.8.4 Power Test F_TEMP_MEAS_CTL  OP8(31),66,deg,20,99,Passed,0.0001797
7.8.5 Power Test F_TEMP_MEAS_MOD OP8(31),70,deg,20,99,Passed,0.0003739
7.8.6 Power Test F_TEMP_MEAS_DRV OP8(31),81,deg,20,99,Passed,0.0001698
7.8.7 Power Test AN_CTP_COOLING_F OP8(31),56,deg,20,99,Passed,0.0002973
7.8.8 Power Test FSEVBLV_Voltage OP8(31),15,V,14,17,Passed,0.0001773
7.8.9 Power Test FSEVBHV_Voltage OP8(31),378,V,360,410,Passed,0.0001879
7.8.10 Power Test FTEABHV_UbatHV OP8(31),388,V,360,410,Passed,0.0005879
7.8.11 Power Test SAEABHV_Voltage OP8(31),378,V,360,410,Passed,0.0001992
7.0.1 Error Code Check,62 FD 41 EF FF FF FF FF FF,,62 FD 41 EF FF FF FF FF FF,62 FD 41 EF FF FF FF FF FF,Passed,7.59E-05
If,,,,,Done,3.11E-05
End,,,,,Done,2.05E-05
 