Product Name,PSA
Stationt Name,BurnIn
Version,V1.0.0
Serial Number,!210200056!V29102835
Total Test Time,1054
DUTResult,Passed
Date Time,20210314045307
Stepname,MeasureValue,Unit,Lowlimit,Highlimit,Result,CycleTime
If,,,,,Done,3.11E-05
End,,,,,Done,5.37E-05
7.0.0 Error Code Check,62 FD 41 EF FF FF FF FF FF,,62 FD 41 EF FF FF FF FF FF,62 FD 41 EF FF FF FF FF FF,Passed,4.63E-05
7.4.1 Power Test U Current OP4(0),426.400244680497,A,400,500,Passed,0.1761541
7.4.2 Power Test V Current OP4(0),423.441739172336,A,400,500,Passed,0.1765991
7.4.3 Power Test W Current OP4(0),424.940374373309,A,400,500,Passed,0.1787173
7.4.4 Power Test F_TEMP_MEAS_CTL  OP4(0),22,deg,20,99,Passed,0.0003623
7.4.5 Power Test F_TEMP_MEAS_MOD OP4(0),72,deg,20,99,Passed,0.0004901
7.4.6 Power Test F_TEMP_MEAS_DRV OP4(0),23,deg,20,99,Passed,0.0001723
7.4.7 Power Test AN_CTP_COOLING_F OP4(0),31,deg,20,99,Passed,0.0002108
7.4.8 Power Test FSEVBLV_Voltage OP4(0),9,V,9,12,Passed,0.0001999
7.4.9 Power Test FSEVBHV_Voltage OP4(0),393,V,360,410,Passed,0.000203
7.4.10 Power Test FTEABHV_UbatHV OP4(0),395,V,360,410,Passed,0.0001953
7.4.11 Power Test SAEABHV_Voltage OP4(0),393,V,360,410,Passed,0.0002521
7.8.1 Power Test U Current OP8(0),426.669710221095,A,400,500,Passed,0.2181576
7.8.2 Power Test V Current OP8(0),422.88289987607,A,400,500,Passed,0.1720564
7.8.3 Power Test W Current OP8(0),423.614613425582,A,400,500,Passed,0.1741136
7.8.4 Power Test F_TEMP_MEAS_CTL  OP8(0),23,deg,20,99,Passed,0.0001882
7.8.5 Power Test F_TEMP_MEAS_MOD OP8(0),73,deg,20,99,Passed,0.0004075
7.8.6 Power Test F_TEMP_MEAS_DRV OP8(0),24,deg,20,99,Passed,0.0026469
7.8.7 Power Test AN_CTP_COOLING_F OP8(0),39,deg,20,99,Passed,0.000178
7.8.8 Power Test FSEVBLV_Voltage OP8(0),15,V,14,17,Passed,0.0002581
7.8.9 Power Test FSEVBHV_Voltage OP8(0),395,V,360,410,Passed,0.0004929
7.8.10 Power Test FTEABHV_UbatHV OP8(0),393,V,360,410,Passed,0.0001663
7.8.11 Power Test SAEABHV_Voltage OP8(0),395,V,360,410,Passed,0.0001988
7.4.1 Power Test U Current OP4(1),425.966017550875,A,400,500,Passed,0.1703279
7.4.2 Power Test V Current OP4(1),423.969361991952,A,400,500,Passed,0.1725945
7.4.3 Power Test W Current OP4(1),424.622432431728,A,400,500,Passed,0.1740557
7.4.4 Power Test F_TEMP_MEAS_CTL  OP4(1),24,deg,20,99,Passed,0.0002221
7.4.5 Power Test F_TEMP_MEAS_MOD OP4(1),73,deg,20,99,Passed,0.0001833
7.4.6 Power Test F_TEMP_MEAS_DRV OP4(1),25,deg,20,99,Passed,0.0002542
7.4.7 Power Test AN_CTP_COOLING_F OP4(1),43,deg,20,99,Passed,0.0005201
7.4.8 Power Test FSEVBLV_Voltage OP4(1),9,V,9,12,Passed,0.0002888
7.4.9 Power Test FSEVBHV_Voltage OP4(1),391,V,360,410,Passed,0.0001953
7.4.10 Power Test FTEABHV_UbatHV OP4(1),389,V,360,410,Passed,0.0001744
7.4.11 Power Test SAEABHV_Voltage OP4(1),391,V,360,410,Passed,0.0001914
7.8.1 Power Test U Current OP8(1),425.685026699485,A,400,500,Passed,0.1778745
7.8.2 Power Test V Current OP8(1),422.767065109496,A,400,500,Passed,0.1718329
7.8.3 Power Test W Current OP8(1),424.03818090566,A,400,500,Passed,0.1724692
7.8.4 Power Test F_TEMP_MEAS_CTL  OP8(1),25,deg,20,99,Passed,0.0001631
7.8.5 Power Test F_TEMP_MEAS_MOD OP8(1),73,deg,20,99,Passed,0.0002027
7.8.6 Power Test F_TEMP_MEAS_DRV OP8(1),27,deg,20,99,Passed,0.000209
7.8.7 Power Test AN_CTP_COOLING_F OP8(1),45,deg,20,99,Passed,0.0001674
7.8.8 Power Test FSEVBLV_Voltage OP8(1),15,V,14,17,Passed,0.0002323
7.8.9 Power Test FSEVBHV_Voltage OP8(1),393,V,360,410,Passed,0.0001942
7.8.10 Power Test FTEABHV_UbatHV OP8(1),393,V,360,410,Passed,0.000184
7.8.11 Power Test SAEABHV_Voltage OP8(1),393,V,360,410,Passed,0.0002376
7.4.1 Power Test U Current OP4(2),425.933171224867,A,400,500,Passed,0.1800277
7.4.2 Power Test V Current OP4(2),422.684271501786,A,400,500,Passed,0.1732545
7.4.3 Power Test W Current OP4(2),424.307242256252,A,400,500,Passed,0.1702845
7.4.4 Power Test F_TEMP_MEAS_CTL  OP4(2),26,deg,20,99,Passed,0.0001698
7.4.5 Power Test F_TEMP_MEAS_MOD OP4(2),73,deg,20,99,Passed,0.000161
7.4.6 Power Test F_TEMP_MEAS_DRV OP4(2),28,deg,20,99,Passed,0.0002119
7.4.7 Power Test AN_CTP_COOLING_F OP4(2),46,deg,20,99,Passed,0.0001886
7.4.8 Power Test FSEVBLV_Voltage OP4(2),9,V,9,12,Passed,0.0001864
7.4.9 Power Test FSEVBHV_Voltage OP4(2),392,V,360,410,Passed,0.0004294
7.4.10 Power Test FTEABHV_UbatHV OP4(2),391,V,360,410,Passed,0.000184
7.4.11 Power Test SAEABHV_Voltage OP4(2),392,V,360,410,Passed,0.0001967
7.8.1 Power Test U Current OP8(2),426.051241857413,A,400,500,Passed,0.1783279
7.8.2 Power Test V Current OP8(2),424.120515613876,A,400,500,Passed,0.1713276
7.8.3 Power Test W Current OP8(2),424.141277502681,A,400,500,Passed,0.1719713
7.8.4 Power Test F_TEMP_MEAS_CTL  OP8(2),27,deg,20,99,Passed,0.0004191
7.8.5 Power Test F_TEMP_MEAS_MOD OP8(2),73,deg,20,99,Passed,0.0003076
7.8.6 Power Test F_TEMP_MEAS_DRV OP8(2),30,deg,20,99,Passed,0.0001822
7.8.7 Power Test AN_CTP_COOLING_F OP8(2),47,deg,20,99,Passed,0.0001508
7.8.8 Power Test FSEVBLV_Voltage OP8(2),15,V,14,17,Passed,0.0001525
7.8.9 Power Test FSEVBHV_Voltage OP8(2),387,V,360,410,Passed,0.0001748
7.8.10 Power Test FTEABHV_UbatHV OP8(2),387,V,360,410,Passed,0.0001903
7.8.11 Power Test SAEABHV_Voltage OP8(2),387,V,360,410,Passed,0.0004036
7.4.1 Power Test U Current OP4(3),425.361368589528,A,400,500,Passed,0.1763639
7.4.2 Power Test V Current OP4(3),422.253215875785,A,400,500,Passed,0.1759299
7.4.3 Power Test W Current OP4(3),424.062957288679,A,400,500,Passed,0.1741764
7.4.4 Power Test F_TEMP_MEAS_CTL  OP4(3),28,deg,20,99,Passed,0.0001896
7.4.5 Power Test F_TEMP_MEAS_MOD OP4(3),73,deg,20,99,Passed,0.0001861
7.4.6 Power Test F_TEMP_MEAS_DRV OP4(3),32,deg,20,99,Passed,0.0001642
7.4.7 Power Test AN_CTP_COOLING_F OP4(3),48,deg,20,99,Passed,0.000161
7.4.8 Power Test FSEVBLV_Voltage OP4(3),9,V,9,12,Passed,0.0001557
7.4.9 Power Test FSEVBHV_Voltage OP4(3),392,V,360,410,Passed,0.0002475
7.4.10 Power Test FTEABHV_UbatHV OP4(3),390,V,360,410,Passed,0.0004802
7.4.11 Power Test SAEABHV_Voltage OP4(3),392,V,360,410,Passed,0.0001787
7.8.1 Power Test U Current OP8(3),425.472975495314,A,400,500,Passed,0.1813313
7.8.2 Power Test V Current OP8(3),423.506115136631,A,400,500,Passed,0.1747491
7.8.3 Power Test W Current OP8(3),420.945034477079,A,400,500,Passed,0.1749391
7.8.4 Power Test F_TEMP_MEAS_CTL  OP8(3),29,deg,20,99,Passed,0.0001649
7.8.5 Power Test F_TEMP_MEAS_MOD OP8(3),73,deg,20,99,Passed,0.0003842
7.8.6 Power Test F_TEMP_MEAS_DRV OP8(3),34,deg,20,99,Passed,0.0001653
7.8.7 Power Test AN_CTP_COOLING_F OP8(3),49,deg,20,99,Passed,0.00019
7.8.8 Power Test FSEVBLV_Voltage OP8(3),15,V,14,17,Passed,0.0001624
7.8.9 Power Test FSEVBHV_Voltage OP8(3),393,V,360,410,Passed,0.0001871
7.8.10 Power Test FTEABHV_UbatHV OP8(3),391,V,360,410,Passed,0.0001999
7.8.11 Power Test SAEABHV_Voltage OP8(3),393,V,360,410,Passed,0.0001984
7.4.1 Power Test U Current OP4(4),425.719129216447,A,400,500,Passed,0.1771693
7.4.2 Power Test V Current OP4(4),424.226794508134,A,400,500,Passed,0.169996
7.4.3 Power Test W Current OP4(4),424.666175126187,A,400,500,Passed,0.1693618
7.4.4 Power Test F_TEMP_MEAS_CTL  OP4(4),31,deg,20,99,Passed,0.0002493
7.4.5 Power Test F_TEMP_MEAS_MOD OP4(4),74,deg,20,99,Passed,0.000167
7.4.6 Power Test F_TEMP_MEAS_DRV OP4(4),36,deg,20,99,Passed,0.0002066
7.4.7 Power Test AN_CTP_COOLING_F OP4(4),50,deg,20,99,Passed,0.0003492
7.4.8 Power Test FSEVBLV_Voltage OP4(4),9,V,9,12,Passed,0.0001582
7.4.9 Power Test FSEVBHV_Voltage OP4(4),389,V,360,410,Passed,0.0002052
7.4.10 Power Test FTEABHV_UbatHV OP4(4),385,V,360,410,Passed,0.0004463
7.4.11 Power Test SAEABHV_Voltage OP4(4),389,V,360,410,Passed,0.0002288
7.8.1 Power Test U Current OP8(4),425.649998178909,A,400,500,Passed,0.1774274
7.8.2 Power Test V Current OP8(4),423.492678322446,A,400,500,Passed,0.1699219
7.8.3 Power Test W Current OP8(4),424.368683464022,A,400,500,Passed,0.1693407
7.8.4 Power Test F_TEMP_MEAS_CTL  OP8(4),32,deg,20,99,Passed,0.0001635
7.8.5 Power Test F_TEMP_MEAS_MOD OP8(4),74,deg,20,99,Passed,0.0003778
7.8.6 Power Test F_TEMP_MEAS_DRV OP8(4),38,deg,20,99,Passed,0.0001879
7.8.7 Power Test AN_CTP_COOLING_F OP8(4),50,deg,20,99,Passed,0.0001656
7.8.8 Power Test FSEVBLV_Voltage OP8(4),15,V,14,17,Passed,0.0004672
7.8.9 Power Test FSEVBHV_Voltage OP8(4),394,V,360,410,Passed,0.0003552
7.8.10 Power Test FTEABHV_UbatHV OP8(4),393,V,360,410,Passed,0.0002662
7.8.11 Power Test SAEABHV_Voltage OP8(4),394,V,360,410,Passed,0.0005028
7.4.1 Power Test U Current OP4(5),425.389513704558,A,400,500,Passed,0.1789062
7.4.2 Power Test V Current OP4(5),424.437849845105,A,400,500,Passed,0.1705479
7.4.3 Power Test W Current OP4(5),425.136101029037,A,400,500,Passed,0.1697912
7.4.4 Power Test F_TEMP_MEAS_CTL  OP4(5),33,deg,20,99,Passed,0.0001705
7.4.5 Power Test F_TEMP_MEAS_MOD OP4(5),74,deg,20,99,Passed,0.0001896
7.4.6 Power Test F_TEMP_MEAS_DRV OP4(5),40,deg,20,99,Passed,0.0001931
7.4.7 Power Test AN_CTP_COOLING_F OP4(5),51,deg,20,99,Passed,0.0001582
7.4.8 Power Test FSEVBLV_Voltage OP4(5),9,V,9,12,Passed,0.000184
7.4.9 Power Test FSEVBHV_Voltage OP4(5),388,V,360,410,Passed,0.0002041
7.4.10 Power Test FTEABHV_UbatHV OP4(5),387,V,360,410,Passed,0.0002564
7.4.11 Power Test SAEABHV_Voltage OP4(5),388,V,360,410,Passed,0.0002479
7.8.1 Power Test U Current OP8(5),425.533281855827,A,400,500,Passed,0.1784366
7.8.2 Power Test V Current OP8(5),424.341090996469,A,400,500,Passed,0.1708968
7.8.3 Power Test W Current OP8(5),424.747512919367,A,400,500,Passed,0.1695522
7.8.4 Power Test F_TEMP_MEAS_CTL  OP8(5),35,deg,20,99,Passed,0.0001645
7.8.5 Power Test F_TEMP_MEAS_MOD OP8(5),75,deg,20,99,Passed,0.000184
7.8.6 Power Test F_TEMP_MEAS_DRV OP8(5),41,deg,20,99,Passed,0.0001833
7.8.7 Power Test AN_CTP_COOLING_F OP8(5),52,deg,20,99,Passed,0.0001698
7.8.8 Power Test FSEVBLV_Voltage OP8(5),15,V,14,17,Passed,0.000453
7.8.9 Power Test FSEVBHV_Voltage OP8(5),387,V,360,410,Passed,0.0002419
7.8.10 Power Test FTEABHV_UbatHV OP8(5),385,V,360,410,Passed,0.0002101
7.8.11 Power Test SAEABHV_Voltage OP8(5),387,V,360,410,Passed,0.0002613
7.4.1 Power Test U Current OP4(6),426.219633456212,A,400,500,Passed,0.1757544
7.4.2 Power Test V Current OP4(6),424.800911373573,A,400,500,Passed,0.1702778
7.4.3 Power Test W Current OP4(6),425.231616402658,A,400,500,Passed,0.1691747
7.4.4 Power Test F_TEMP_MEAS_CTL  OP4(6),36,deg,20,99,Passed,0.0001758
7.4.5 Power Test F_TEMP_MEAS_MOD OP4(6),75,deg,20,99,Passed,0.0001564
7.4.6 Power Test F_TEMP_MEAS_DRV OP4(6),43,deg,20,99,Passed,0.0001773
7.4.7 Power Test AN_CTP_COOLING_F OP4(6),52,deg,20,99,Passed,0.0001656
7.4.8 Power Test FSEVBLV_Voltage OP4(6),9,V,9,12,Passed,0.0001871
7.4.9 Power Test FSEVBHV_Voltage OP4(6),392,V,360,410,Passed,0.0002221
7.4.10 Power Test FTEABHV_UbatHV OP4(6),391,V,360,410,Passed,0.000221
7.4.11 Power Test SAEABHV_Voltage OP4(6),392,V,360,410,Passed,0.0002405
7.8.1 Power Test U Current OP8(6),427.108508179247,A,400,500,Passed,0.1788367
7.8.2 Power Test V Current OP8(6),425.219510128319,A,400,500,Passed,0.1701955
7.8.3 Power Test W Current OP8(6),424.777575344693,A,400,500,Passed,0.1698046
7.8.4 Power Test F_TEMP_MEAS_CTL  OP8(6),37,deg,20,99,Passed,0.0001953
7.8.5 Power Test F_TEMP_MEAS_MOD OP8(6),75,deg,20,99,Passed,0.0004449
7.8.6 Power Test F_TEMP_MEAS_DRV OP8(6),45,deg,20,99,Passed,0.0001621
7.8.7 Power Test AN_CTP_COOLING_F OP8(6),53,deg,20,99,Passed,0.000191
7.8.8 Power Test FSEVBLV_Voltage OP8(6),15,V,14,17,Passed,0.0001931
7.8.9 Power Test FSEVBHV_Voltage OP8(6),387,V,360,410,Passed,0.0003146
7.8.10 Power Test FTEABHV_UbatHV OP8(6),390,V,360,410,Passed,0.0002405
7.8.11 Power Test SAEABHV_Voltage OP8(6),387,V,360,410,Passed,0.0002807
7.4.1 Power Test U Current OP4(7),427.176180691302,A,400,500,Passed,0.1779871
7.4.2 Power Test V Current OP4(7),424.164514583127,A,400,500,Passed,0.1719444
7.4.3 Power Test W Current OP4(7),425.304988273624,A,400,500,Passed,0.1689512
7.4.4 Power Test F_TEMP_MEAS_CTL  OP4(7),38,deg,20,99,Passed,0.0001963
7.4.5 Power Test F_TEMP_MEAS_MOD OP4(7),75,deg,20,99,Passed,0.0002073
7.4.6 Power Test F_TEMP_MEAS_DRV OP4(7),47,deg,20,99,Passed,0.0001653
7.4.7 Power Test AN_CTP_COOLING_F OP4(7),53,deg,20,99,Passed,0.0004537
7.4.8 Power Test FSEVBLV_Voltage OP4(7),9,V,9,12,Passed,0.0002013
7.4.9 Power Test FSEVBHV_Voltage OP4(7),395,V,360,410,Passed,0.0002175
7.4.10 Power Test FTEABHV_UbatHV OP4(7),391,V,360,410,Passed,0.0001988
7.4.11 Power Test SAEABHV_Voltage OP4(7),395,V,360,410,Passed,0.0002037
7.8.1 Power Test U Current OP8(7),425.936375261564,A,400,500,Passed,0.1761538
7.8.2 Power Test V Current OP8(7),424.74691986628,A,400,500,Passed,0.1692097
7.8.3 Power Test W Current OP8(7),425.361659928399,A,400,500,Passed,0.1696825
7.8.4 Power Test F_TEMP_MEAS_CTL  OP8(7),39,deg,20,99,Passed,0.0001649
7.8.5 Power Test F_TEMP_MEAS_MOD OP8(7),75,deg,20,99,Passed,0.0002129
7.8.6 Power Test F_TEMP_MEAS_DRV OP8(7),49,deg,20,99,Passed,0.0001773
7.8.7 Power Test AN_CTP_COOLING_F OP8(7),54,deg,20,99,Passed,0.000214
7.8.8 Power Test FSEVBLV_Voltage OP8(7),15,V,14,17,Passed,0.0003955
7.8.9 Power Test FSEVBHV_Voltage OP8(7),396,V,360,410,Passed,0.000202
7.8.10 Power Test FTEABHV_UbatHV OP8(7),391,V,360,410,Passed,0.0002443
7.8.11 Power Test SAEABHV_Voltage OP8(7),396,V,360,410,Passed,0.0005293
7.4.1 Power Test U Current OP4(8),427.295851746375,A,400,500,Passed,0.1851378
7.4.2 Power Test V Current OP4(8),424.911660812609,A,400,500,Passed,0.169478
7.4.3 Power Test W Current OP4(8),425.104675211139,A,400,500,Passed,0.1700649
7.4.4 Power Test F_TEMP_MEAS_CTL  OP4(8),41,deg,20,99,Passed,0.0001861
7.4.5 Power Test F_TEMP_MEAS_MOD OP4(8),75,deg,20,99,Passed,0.0001631
7.4.6 Power Test F_TEMP_MEAS_DRV OP4(8),50,deg,20,99,Passed,0.0001638
7.4.7 Power Test AN_CTP_COOLING_F OP4(8),54,deg,20,99,Passed,0.0003104
7.4.8 Power Test FSEVBLV_Voltage OP4(8),9,V,9,12,Passed,0.0001487
7.4.9 Power Test FSEVBHV_Voltage OP4(8),390,V,360,410,Passed,0.000214
7.4.10 Power Test FTEABHV_UbatHV OP4(8),391,V,360,410,Passed,0.0002327
7.4.11 Power Test SAEABHV_Voltage OP4(8),390,V,360,410,Passed,0.0002729
7.8.1 Power Test U Current OP8(8),426.361901976529,A,400,500,Passed,0.2039727
7.8.2 Power Test V Current OP8(8),425.638893851167,A,400,500,Passed,0.2037527
7.8.3 Power Test W Current OP8(8),425.107380512794,A,400,500,Passed,0.2064211
7.8.4 Power Test F_TEMP_MEAS_CTL  OP8(8),42,deg,20,99,Passed,0.0001751
7.8.5 Power Test F_TEMP_MEAS_MOD OP8(8),75,deg,20,99,Passed,0.0002514
7.8.6 Power Test F_TEMP_MEAS_DRV OP8(8),52,deg,20,99,Passed,0.000166
7.8.7 Power Test AN_CTP_COOLING_F OP8(8),54,deg,20,99,Passed,0.000179
7.8.8 Power Test FSEVBLV_Voltage OP8(8),15,V,14,17,Passed,0.0001691
7.8.9 Power Test FSEVBHV_Voltage OP8(8),393,V,360,410,Passed,0.0001886
7.8.10 Power Test FTEABHV_UbatHV OP8(8),391,V,360,410,Passed,0.0002027
7.8.11 Power Test SAEABHV_Voltage OP8(8),393,V,360,410,Passed,0.0003192
7.4.1 Power Test U Current OP4(9),426.188584287155,A,400,500,Passed,0.2038491
7.4.2 Power Test V Current OP4(9),425.819441968618,A,400,500,Passed,0.2039049
7.4.3 Power Test W Current OP4(9),425.306483871829,A,400,500,Passed,0.202919
7.4.4 Power Test F_TEMP_MEAS_CTL  OP4(9),43,deg,20,99,Passed,0.0002556
7.4.5 Power Test F_TEMP_MEAS_MOD OP4(9),75,deg,20,99,Passed,0.0003994
7.4.6 Power Test F_TEMP_MEAS_DRV OP4(9),54,deg,20,99,Passed,0.0002023
7.4.7 Power Test AN_CTP_COOLING_F OP4(9),55,deg,20,99,Passed,0.0002775
7.4.8 Power Test FSEVBLV_Voltage OP4(9),9,V,9,12,Passed,0.000202
7.4.9 Power Test FSEVBHV_Voltage OP4(9),387,V,360,410,Passed,0.0001946
7.4.10 Power Test FTEABHV_UbatHV OP4(9),390,V,360,410,Passed,0.0002016
7.4.11 Power Test SAEABHV_Voltage OP4(9),387,V,360,410,Passed,0.0002306
7.8.1 Power Test U Current OP8(9),426.985758441888,A,400,500,Passed,0.2075203
7.8.2 Power Test V Current OP8(9),426.927818307637,A,400,500,Passed,0.2042566
7.8.3 Power Test W Current OP8(9),425.936787981207,A,400,500,Passed,0.2038594
7.8.4 Power Test F_TEMP_MEAS_CTL  OP8(9),44,deg,20,99,Passed,0.0001705
7.8.5 Power Test F_TEMP_MEAS_MOD OP8(9),75,deg,20,99,Passed,0.0001903
7.8.6 Power Test F_TEMP_MEAS_DRV OP8(9),55,deg,20,99,Passed,0.0001893
7.8.7 Power Test AN_CTP_COOLING_F OP8(9),55,deg,20,99,Passed,0.0001656
7.8.8 Power Test FSEVBLV_Voltage OP8(9),15,V,14,17,Passed,0.0006515
7.8.9 Power Test FSEVBHV_Voltage OP8(9),395,V,360,410,Passed,0.0001963
7.8.10 Power Test FTEABHV_UbatHV OP8(9),394,V,360,410,Passed,0.0006257
7.8.11 Power Test SAEABHV_Voltage OP8(9),395,V,360,410,Passed,0.0007461
7.4.1 Power Test U Current OP4(10),426.565898456283,A,400,500,Passed,0.2039035
7.4.2 Power Test V Current OP4(10),426.99983890758,A,400,500,Passed,0.2039999
7.4.3 Power Test W Current OP4(10),425.016320670741,A,400,500,Passed,0.2040207
7.4.4 Power Test F_TEMP_MEAS_CTL  OP4(10),45,deg,20,99,Passed,0.0001811
7.4.5 Power Test F_TEMP_MEAS_MOD OP4(10),75,deg,20,99,Passed,0.0004195
7.4.6 Power Test F_TEMP_MEAS_DRV OP4(10),56,deg,20,99,Passed,0.0001766
7.4.7 Power Test AN_CTP_COOLING_F OP4(10),55,deg,20,99,Passed,0.0001811
7.4.8 Power Test FSEVBLV_Voltage OP4(10),9,V,9,12,Passed,0.0001751
7.4.9 Power Test FSEVBHV_Voltage OP4(10),386,V,360,410,Passed,0.00019
7.4.10 Power Test FTEABHV_UbatHV OP4(10),385,V,360,410,Passed,0.0004131
7.4.11 Power Test SAEABHV_Voltage OP4(10),386,V,360,410,Passed,0.0001995
7.8.1 Power Test U Current OP8(10),426.697945480523,A,400,500,Passed,0.2070016
7.8.2 Power Test V Current OP8(10),427.176086598774,A,400,500,Passed,0.2060408
7.8.3 Power Test W Current OP8(10),425.036137271163,A,400,500,Passed,0.2038251
7.8.4 Power Test F_TEMP_MEAS_CTL  OP8(10),46,deg,20,99,Passed,0.0001776
7.8.5 Power Test F_TEMP_MEAS_MOD OP8(10),75,deg,20,99,Passed,0.0003365
7.8.6 Power Test F_TEMP_MEAS_DRV OP8(10),58,deg,20,99,Passed,0.0002574
7.8.7 Power Test AN_CTP_COOLING_F OP8(10),55,deg,20,99,Passed,0.0001833
7.8.8 Power Test FSEVBLV_Voltage OP8(10),15,V,14,17,Passed,0.000185
7.8.9 Power Test FSEVBHV_Voltage OP8(10),386,V,360,410,Passed,0.0001868
7.8.10 Power Test FTEABHV_UbatHV OP8(10),385,V,360,410,Passed,0.0002627
7.8.11 Power Test SAEABHV_Voltage OP8(10),386,V,360,410,Passed,0.0002232
7.4.1 Power Test U Current OP4(11),426.734005128785,A,400,500,Passed,0.2063523
7.4.2 Power Test V Current OP4(11),426.477387679695,A,400,500,Passed,0.2040451
7.4.3 Power Test W Current OP4(11),425.834847087613,A,400,500,Passed,0.204341
7.4.4 Power Test F_TEMP_MEAS_CTL  OP4(11),47,deg,20,99,Passed,0.0001826
7.4.5 Power Test F_TEMP_MEAS_MOD OP4(11),75,deg,20,99,Passed,0.0001709
7.4.6 Power Test F_TEMP_MEAS_DRV OP4(11),59,deg,20,99,Passed,0.0002398
7.4.7 Power Test AN_CTP_COOLING_F OP4(11),55,deg,20,99,Passed,0.0003051
7.4.8 Power Test FSEVBLV_Voltage OP4(11),9,V,9,12,Passed,0.0001843
7.4.9 Power Test FSEVBHV_Voltage OP4(11),394,V,360,410,Passed,0.000178
7.4.10 Power Test FTEABHV_UbatHV OP4(11),394,V,360,410,Passed,0.0003326
7.4.11 Power Test SAEABHV_Voltage OP4(11),394,V,360,410,Passed,0.0002387
7.8.1 Power Test U Current OP8(11),427.680233065231,A,400,500,Passed,0.205503
7.8.2 Power Test V Current OP8(11),427.348902432023,A,400,500,Passed,0.2066506
7.8.3 Power Test W Current OP8(11),425.583565138658,A,400,500,Passed,0.2050101
7.8.4 Power Test F_TEMP_MEAS_CTL  OP8(11),48,deg,20,99,Passed,0.0002398
7.8.5 Power Test F_TEMP_MEAS_MOD OP8(11),75,deg,20,99,Passed,0.000167
7.8.6 Power Test F_TEMP_MEAS_DRV OP8(11),60,deg,20,99,Passed,0.0001847
7.8.7 Power Test AN_CTP_COOLING_F OP8(11),55,deg,20,99,Passed,0.0001833
7.8.8 Power Test FSEVBLV_Voltage OP8(11),15,V,14,17,Passed,0.0001741
7.8.9 Power Test FSEVBHV_Voltage OP8(11),392,V,360,410,Passed,0.0001833
7.8.10 Power Test FTEABHV_UbatHV OP8(11),391,V,360,410,Passed,0.0003418
7.8.11 Power Test SAEABHV_Voltage OP8(11),392,V,360,410,Passed,0.0003979
7.4.1 Power Test U Current OP4(12),427.4410963678,A,400,500,Passed,0.205461
7.4.2 Power Test V Current OP4(12),426.602130675338,A,400,500,Passed,0.2066588
7.4.3 Power Test W Current OP4(12),425.668841502617,A,400,500,Passed,0.2057767
7.4.4 Power Test F_TEMP_MEAS_CTL  OP4(12),49,deg,20,99,Passed,0.0001755
7.4.5 Power Test F_TEMP_MEAS_MOD OP4(12),75,deg,20,99,Passed,0.0002468
7.4.6 Power Test F_TEMP_MEAS_DRV OP4(12),62,deg,20,99,Passed,0.000173
7.4.7 Power Test AN_CTP_COOLING_F OP4(12),56,deg,20,99,Passed,0.0001868
7.4.8 Power Test FSEVBLV_Voltage OP4(12),9,V,9,12,Passed,0.0001561
7.4.9 Power Test FSEVBHV_Voltage OP4(12),389,V,360,410,Passed,0.0001984
7.4.10 Power Test FTEABHV_UbatHV OP4(12),388,V,360,410,Passed,0.0005925
7.4.11 Power Test SAEABHV_Voltage OP4(12),389,V,360,410,Passed,0.0003061
7.8.1 Power Test U Current OP8(12),428.563491867206,A,400,500,Passed,0.2041997
7.8.2 Power Test V Current OP8(12),426.918959880281,A,400,500,Passed,0.2060214
7.8.3 Power Test W Current OP8(12),426.741246435035,A,400,500,Passed,0.2063194
7.8.4 Power Test F_TEMP_MEAS_CTL  OP8(12),50,deg,20,99,Passed,0.00022
7.8.5 Power Test F_TEMP_MEAS_MOD OP8(12),76,deg,20,99,Passed,0.0001773
7.8.6 Power Test F_TEMP_MEAS_DRV OP8(12),63,deg,20,99,Passed,0.0002542
7.8.7 Power Test AN_CTP_COOLING_F OP8(12),56,deg,20,99,Passed,0.0001723
7.8.8 Power Test FSEVBLV_Voltage OP8(12),15,V,14,17,Passed,0.0001939
7.8.9 Power Test FSEVBHV_Voltage OP8(12),390,V,360,410,Passed,0.0002228
7.8.10 Power Test FTEABHV_UbatHV OP8(12),392,V,360,410,Passed,0.0002306
7.8.11 Power Test SAEABHV_Voltage OP8(12),390,V,360,410,Passed,0.0008012
7.4.1 Power Test U Current OP4(13),428.278547980881,A,400,500,Passed,0.2050196
7.4.2 Power Test V Current OP4(13),426.767235612775,A,400,500,Passed,0.2063576
7.4.3 Power Test W Current OP4(13),426.092506734767,A,400,500,Passed,0.2063583
7.4.4 Power Test F_TEMP_MEAS_CTL  OP4(13),51,deg,20,99,Passed,0.0001783
7.4.5 Power Test F_TEMP_MEAS_MOD OP4(13),76,deg,20,99,Passed,0.0004096
7.4.6 Power Test F_TEMP_MEAS_DRV OP4(13),64,deg,20,99,Passed,0.0001741
7.4.7 Power Test AN_CTP_COOLING_F OP4(13),56,deg,20,99,Passed,0.0001794
7.4.8 Power Test FSEVBLV_Voltage OP4(13),9,V,9,12,Passed,0.0001801
7.4.9 Power Test FSEVBHV_Voltage OP4(13),392,V,360,410,Passed,0.0003217
7.4.10 Power Test FTEABHV_UbatHV OP4(13),391,V,360,410,Passed,0.0002348
7.4.11 Power Test SAEABHV_Voltage OP4(13),392,V,360,410,Passed,0.0001992
7.8.1 Power Test U Current OP8(13),427.850866930102,A,400,500,Passed,0.2047817
7.8.2 Power Test V Current OP8(13),426.367069679015,A,400,500,Passed,0.2091962
7.8.3 Power Test W Current OP8(13),426.915847242617,A,400,500,Passed,0.2057848
7.8.4 Power Test F_TEMP_MEAS_CTL  OP8(13),52,deg,20,99,Passed,0.000167
7.8.5 Power Test F_TEMP_MEAS_MOD OP8(13),76,deg,20,99,Passed,0.0001804
7.8.6 Power Test F_TEMP_MEAS_DRV OP8(13),65,deg,20,99,Passed,0.0002917
7.8.7 Power Test AN_CTP_COOLING_F OP8(13),57,deg,20,99,Passed,0.0003655
7.8.8 Power Test FSEVBLV_Voltage OP8(13),15,V,14,17,Passed,0.0001769
7.8.9 Power Test FSEVBHV_Voltage OP8(13),388,V,360,410,Passed,0.0004792
7.8.10 Power Test FTEABHV_UbatHV OP8(13),386,V,360,410,Passed,0.0002436
7.8.11 Power Test SAEABHV_Voltage OP8(13),388,V,360,410,Passed,0.0001984
7.4.1 Power Test U Current OP4(14),427.220713836041,A,400,500,Passed,0.2083303
7.4.2 Power Test V Current OP4(14),426.753135067321,A,400,500,Passed,0.20477
7.4.3 Power Test W Current OP4(14),426.248545769316,A,400,500,Passed,0.2095899
7.4.4 Power Test F_TEMP_MEAS_CTL  OP4(14),53,deg,20,99,Passed,0.000166
7.4.5 Power Test F_TEMP_MEAS_MOD OP4(14),76,deg,20,99,Passed,0.0001635
7.4.6 Power Test F_TEMP_MEAS_DRV OP4(14),66,deg,20,99,Passed,0.0002616
7.4.7 Power Test AN_CTP_COOLING_F OP4(14),57,deg,20,99,Passed,0.0001939
7.4.8 Power Test FSEVBLV_Voltage OP4(14),9,V,9,12,Passed,0.0002585
7.4.9 Power Test FSEVBHV_Voltage OP4(14),394,V,360,410,Passed,0.000375
7.4.10 Power Test FTEABHV_UbatHV OP4(14),393,V,360,410,Passed,0.0004085
7.4.11 Power Test SAEABHV_Voltage OP4(14),394,V,360,410,Passed,0.0002648
7.8.1 Power Test U Current OP8(14),428.112831144268,A,400,500,Passed,0.2044303
7.8.2 Power Test V Current OP8(14),426.911252424426,A,400,500,Passed,0.2068519
7.8.3 Power Test W Current OP8(14),427.14970613519,A,400,500,Passed,0.2063494
7.8.4 Power Test F_TEMP_MEAS_CTL  OP8(14),54,deg,20,99,Passed,0.0002542
7.8.5 Power Test F_TEMP_MEAS_MOD OP8(14),76,deg,20,99,Passed,0.0001702
7.8.6 Power Test F_TEMP_MEAS_DRV OP8(14),67,deg,20,99,Passed,0.0002659
7.8.7 Power Test AN_CTP_COOLING_F OP8(14),57,deg,20,99,Passed,0.000167
7.8.8 Power Test FSEVBLV_Voltage OP8(14),15,V,14,17,Passed,0.0001681
7.8.9 Power Test FSEVBHV_Voltage OP8(14),395,V,360,410,Passed,0.0001903
7.8.10 Power Test FTEABHV_UbatHV OP8(14),393,V,360,410,Passed,0.0002027
7.8.11 Power Test SAEABHV_Voltage OP8(14),395,V,360,410,Passed,0.0002055
7.4.1 Power Test U Current OP4(15),428.872560150371,A,400,500,Passed,0.2046634
7.4.2 Power Test V Current OP4(15),427.49079677549,A,400,500,Passed,0.2052188
7.4.3 Power Test W Current OP4(15),426.043154117823,A,400,500,Passed,0.2067428
7.4.4 Power Test F_TEMP_MEAS_CTL  OP4(15),54,deg,20,99,Passed,0.0001818
7.4.5 Power Test F_TEMP_MEAS_MOD OP4(15),75,deg,20,99,Passed,0.0006494
7.4.6 Power Test F_TEMP_MEAS_DRV OP4(15),68,deg,20,99,Passed,0.0001896
7.4.7 Power Test AN_CTP_COOLING_F OP4(15),57,deg,20,99,Passed,0.0002009
7.4.8 Power Test FSEVBLV_Voltage OP4(15),9,V,9,12,Passed,0.0004527
7.4.9 Power Test FSEVBHV_Voltage OP4(15),389,V,360,410,Passed,0.0004502
7.4.10 Power Test FTEABHV_UbatHV OP4(15),390,V,360,410,Passed,0.0004078
7.4.11 Power Test SAEABHV_Voltage OP4(15),389,V,360,410,Passed,0.0002246
7.8.1 Power Test U Current OP8(15),428.512696995085,A,400,500,Passed,0.20502
7.8.2 Power Test V Current OP8(15),426.578890645206,A,400,500,Passed,0.2066068
7.8.3 Power Test W Current OP8(15),426.964477544085,A,400,500,Passed,0.210366
7.8.4 Power Test F_TEMP_MEAS_CTL  OP8(15),55,deg,20,99,Passed,0.0001804
7.8.5 Power Test F_TEMP_MEAS_MOD OP8(15),75,deg,20,99,Passed,0.0005537
7.8.6 Power Test F_TEMP_MEAS_DRV OP8(15),69,deg,20,99,Passed,0.000185
7.8.7 Power Test AN_CTP_COOLING_F OP8(15),57,deg,20,99,Passed,0.0001744
7.8.8 Power Test FSEVBLV_Voltage OP8(15),15,V,14,17,Passed,0.0002405
7.8.9 Power Test FSEVBHV_Voltage OP8(15),395,V,360,410,Passed,0.0003602
7.8.10 Power Test FTEABHV_UbatHV OP8(15),394,V,360,410,Passed,0.0006338
7.8.11 Power Test SAEABHV_Voltage OP8(15),395,V,360,410,Passed,0.0001988
7.4.1 Power Test U Current OP4(16),427.73039091256,A,400,500,Passed,0.2062534
7.4.2 Power Test V Current OP4(16),426.713785106415,A,400,500,Passed,0.2081372
7.4.3 Power Test W Current OP4(16),427.123256706092,A,400,500,Passed,0.2087255
7.4.4 Power Test F_TEMP_MEAS_CTL  OP4(16),56,deg,20,99,Passed,0.0001684
7.4.5 Power Test F_TEMP_MEAS_MOD OP4(16),75,deg,20,99,Passed,0.0001705
7.4.6 Power Test F_TEMP_MEAS_DRV OP4(16),70,deg,20,99,Passed,0.00019
7.4.7 Power Test AN_CTP_COOLING_F OP4(16),57,deg,20,99,Passed,0.0002172
7.4.8 Power Test FSEVBLV_Voltage OP4(16),9,V,9,12,Passed,0.0002504
7.4.9 Power Test FSEVBHV_Voltage OP4(16),392,V,360,410,Passed,0.0001935
7.4.10 Power Test FTEABHV_UbatHV OP4(16),390,V,360,410,Passed,0.0002115
7.4.11 Power Test SAEABHV_Voltage OP4(16),392,V,360,410,Passed,0.0001992
7.8.1 Power Test U Current OP8(16),428.048918337503,A,400,500,Passed,0.2056496
7.8.2 Power Test V Current OP8(16),426.887823405827,A,400,500,Passed,0.2083561
7.8.3 Power Test W Current OP8(16),426.64740600198,A,400,500,Passed,0.2100934
7.8.4 Power Test F_TEMP_MEAS_CTL  OP8(16),57,deg,20,99,Passed,0.0001808
7.8.5 Power Test F_TEMP_MEAS_MOD OP8(16),75,deg,20,99,Passed,0.0001716
7.8.6 Power Test F_TEMP_MEAS_DRV OP8(16),71,deg,20,99,Passed,0.0002309
7.8.7 Power Test AN_CTP_COOLING_F OP8(16),57,deg,20,99,Passed,0.0001663
7.8.8 Power Test FSEVBLV_Voltage OP8(16),15,V,14,17,Passed,0.0001635
7.8.9 Power Test FSEVBHV_Voltage OP8(16),390,V,360,410,Passed,0.0001931
7.8.10 Power Test FTEABHV_UbatHV OP8(16),388,V,360,410,Passed,0.0002535
7.8.11 Power Test SAEABHV_Voltage OP8(16),390,V,360,410,Passed,0.0002034
7.4.1 Power Test U Current OP4(17),428.914585480066,A,400,500,Passed,0.2056348
7.4.2 Power Test V Current OP4(17),427.433658529582,A,400,500,Passed,0.2063388
7.4.3 Power Test W Current OP4(17),427.061215917602,A,400,500,Passed,0.206871
7.4.4 Power Test F_TEMP_MEAS_CTL  OP4(17),57,deg,20,99,Passed,0.0006091
7.4.5 Power Test F_TEMP_MEAS_MOD OP4(17),75,deg,20,99,Passed,0.0001631
7.4.6 Power Test F_TEMP_MEAS_DRV OP4(17),72,deg,20,99,Passed,0.0001755
7.4.7 Power Test AN_CTP_COOLING_F OP4(17),57,deg,20,99,Passed,0.0001794
7.4.8 Power Test FSEVBLV_Voltage OP4(17),9,V,9,12,Passed,0.0005388
7.4.9 Power Test FSEVBHV_Voltage OP4(17),386,V,360,410,Passed,0.0001939
7.4.10 Power Test FTEABHV_UbatHV OP4(17),385,V,360,410,Passed,0.000215
7.4.11 Power Test SAEABHV_Voltage OP4(17),386,V,360,410,Passed,0.0002394
7.8.1 Power Test U Current OP8(17),428.541762444404,A,400,500,Passed,0.2067032
7.8.2 Power Test V Current OP8(17),426.028276732984,A,400,500,Passed,0.2112971
7.8.3 Power Test W Current OP8(17),427.567164891315,A,400,500,Passed,0.2094458
7.8.4 Power Test F_TEMP_MEAS_CTL  OP8(17),58,deg,20,99,Passed,0.0002779
7.8.5 Power Test F_TEMP_MEAS_MOD OP8(17),76,deg,20,99,Passed,0.000196
7.8.6 Power Test F_TEMP_MEAS_DRV OP8(17),73,deg,20,99,Passed,0.0004714
7.8.7 Power Test AN_CTP_COOLING_F OP8(17),57,deg,20,99,Passed,0.0001716
7.8.8 Power Test FSEVBLV_Voltage OP8(17),15,V,14,17,Passed,0.000405
7.8.9 Power Test FSEVBHV_Voltage OP8(17),392,V,360,410,Passed,0.0013503
7.8.10 Power Test FTEABHV_UbatHV OP8(17),391,V,360,410,Passed,0.0003054
7.8.11 Power Test SAEABHV_Voltage OP8(17),392,V,360,410,Passed,0.0005113
7.4.1 Power Test U Current OP4(18),429.544872720333,A,400,500,Passed,0.2126071
7.4.2 Power Test V Current OP4(18),427.024176357983,A,400,500,Passed,0.2122632
7.4.3 Power Test W Current OP4(18),427.753317836586,A,400,500,Passed,0.2077894
7.4.4 Power Test F_TEMP_MEAS_CTL  OP4(18),59,deg,20,99,Passed,0.000178
7.4.5 Power Test F_TEMP_MEAS_MOD OP4(18),76,deg,20,99,Passed,0.0001822
7.4.6 Power Test F_TEMP_MEAS_DRV OP4(18),74,deg,20,99,Passed,0.0004573
7.4.7 Power Test AN_CTP_COOLING_F OP4(18),58,deg,20,99,Passed,0.0001684
7.4.8 Power Test FSEVBLV_Voltage OP4(18),9,V,9,12,Passed,0.0001847
7.4.9 Power Test FSEVBHV_Voltage OP4(18),392,V,360,410,Passed,0.0001935
7.4.10 Power Test FTEABHV_UbatHV OP4(18),391,V,360,410,Passed,0.0002323
7.4.11 Power Test SAEABHV_Voltage OP4(18),392,V,360,410,Passed,0.0001811
7.8.1 Power Test U Current OP8(18),427.375368329849,A,400,500,Passed,0.2068907
7.8.2 Power Test V Current OP8(18),427.62651334588,A,400,500,Passed,0.2061019
7.8.3 Power Test W Current OP8(18),426.777387706109,A,400,500,Passed,0.2055045
7.8.4 Power Test F_TEMP_MEAS_CTL  OP8(18),59,deg,20,99,Passed,0.0001758
7.8.5 Power Test F_TEMP_MEAS_MOD OP8(18),76,deg,20,99,Passed,0.0001624
7.8.6 Power Test F_TEMP_MEAS_DRV OP8(18),74,deg,20,99,Passed,0.0001713
7.8.7 Power Test AN_CTP_COOLING_F OP8(18),58,deg,20,99,Passed,0.0001794
7.8.8 Power Test FSEVBLV_Voltage OP8(18),15,V,14,17,Passed,0.0001769
7.8.9 Power Test FSEVBHV_Voltage OP8(18),393,V,360,410,Passed,0.0019788
7.8.10 Power Test FTEABHV_UbatHV OP8(18),392,V,360,410,Passed,0.0002175
7.8.11 Power Test SAEABHV_Voltage OP8(18),393,V,360,410,Passed,0.0002009
7.4.1 Power Test U Current OP4(19),427.97113388394,A,400,500,Passed,0.205282
7.4.2 Power Test V Current OP4(19),426.557438034708,A,400,500,Passed,0.2061245
7.4.3 Power Test W Current OP4(19),426.997862283823,A,400,500,Passed,0.2109599
7.4.4 Power Test F_TEMP_MEAS_CTL  OP4(19),60,deg,20,99,Passed,0.0001808
7.4.5 Power Test F_TEMP_MEAS_MOD OP4(19),76,deg,20,99,Passed,0.0001638
7.4.6 Power Test F_TEMP_MEAS_DRV OP4(19),75,deg,20,99,Passed,0.0001741
7.4.7 Power Test AN_CTP_COOLING_F OP4(19),58,deg,20,99,Passed,0.0001713
7.4.8 Power Test FSEVBLV_Voltage OP4(19),9,V,9,12,Passed,0.0001815
7.4.9 Power Test FSEVBHV_Voltage OP4(19),393,V,360,410,Passed,0.0001836
7.4.10 Power Test FTEABHV_UbatHV OP4(19),392,V,360,410,Passed,0.0002023
7.4.11 Power Test SAEABHV_Voltage OP4(19),393,V,360,410,Passed,0.000196
7.8.1 Power Test U Current OP8(19),429.205706321091,A,400,500,Passed,0.2052117
7.8.2 Power Test V Current OP8(19),427.691562190404,A,400,500,Passed,0.205562
7.8.3 Power Test W Current OP8(19),426.244060067366,A,400,500,Passed,0.2080574
7.8.4 Power Test F_TEMP_MEAS_CTL  OP8(19),60,deg,20,99,Passed,0.0001787
7.8.5 Power Test F_TEMP_MEAS_MOD OP8(19),76,deg,20,99,Passed,0.0001656
7.8.6 Power Test F_TEMP_MEAS_DRV OP8(19),76,deg,20,99,Passed,0.0001695
7.8.7 Power Test AN_CTP_COOLING_F OP8(19),58,deg,20,99,Passed,0.0002009
7.8.8 Power Test FSEVBLV_Voltage OP8(19),15,V,14,17,Passed,0.000178
7.8.9 Power Test FSEVBHV_Voltage OP8(19),388,V,360,410,Passed,0.0001843
7.8.10 Power Test FTEABHV_UbatHV OP8(19),386,V,360,410,Passed,0.0001999
7.8.11 Power Test SAEABHV_Voltage OP8(19),388,V,360,410,Passed,0.0002655
7.4.1 Power Test U Current OP4(20),428.234639103236,A,400,500,Passed,0.2063763
7.4.2 Power Test V Current OP4(20),426.762717679782,A,400,500,Passed,0.2059211
7.4.3 Power Test W Current OP4(20),425.891577540443,A,400,500,Passed,0.2175354
7.4.4 Power Test F_TEMP_MEAS_CTL  OP4(20),61,deg,20,99,Passed,0.0002571
7.4.5 Power Test F_TEMP_MEAS_MOD OP4(20),76,deg,20,99,Passed,0.0004947
7.4.6 Power Test F_TEMP_MEAS_DRV OP4(20),76,deg,20,99,Passed,0.0001797
7.4.7 Power Test AN_CTP_COOLING_F OP4(20),58,deg,20,99,Passed,0.0001886
7.4.8 Power Test FSEVBLV_Voltage OP4(20),9,V,9,12,Passed,0.0003114
7.4.9 Power Test FSEVBHV_Voltage OP4(20),394,V,360,410,Passed,0.0004156
7.4.10 Power Test FTEABHV_UbatHV OP4(20),393,V,360,410,Passed,0.0002044
7.4.11 Power Test SAEABHV_Voltage OP4(20),394,V,360,410,Passed,0.0008153
7.8.1 Power Test U Current OP8(20),428.764540443538,A,400,500,Passed,0.2140227
7.8.2 Power Test V Current OP8(20),426.044327191511,A,400,500,Passed,0.2063049
7.8.3 Power Test W Current OP8(20),426.877831384877,A,400,500,Passed,0.2104945
7.8.4 Power Test F_TEMP_MEAS_CTL  OP8(20),61,deg,20,99,Passed,0.0001698
7.8.5 Power Test F_TEMP_MEAS_MOD OP8(20),76,deg,20,99,Passed,0.0002772
7.8.6 Power Test F_TEMP_MEAS_DRV OP8(20),77,deg,20,99,Passed,0.0001801
7.8.7 Power Test AN_CTP_COOLING_F OP8(20),58,deg,20,99,Passed,0.0001741
7.8.8 Power Test FSEVBLV_Voltage OP8(20),15,V,14,17,Passed,0.0001769
7.8.9 Power Test FSEVBHV_Voltage OP8(20),387,V,360,410,Passed,0.0001882
7.8.10 Power Test FTEABHV_UbatHV OP8(20),387,V,360,410,Passed,0.0003153
7.8.11 Power Test SAEABHV_Voltage OP8(20),387,V,360,410,Passed,0.000977
7.4.1 Power Test U Current OP4(21),428.068929048964,A,400,500,Passed,0.2062915
7.4.2 Power Test V Current OP4(21),426.875325837825,A,400,500,Passed,0.2065214
7.4.3 Power Test W Current OP4(21),426.684998499179,A,400,500,Passed,0.2066616
7.4.4 Power Test F_TEMP_MEAS_CTL  OP4(21),62,deg,20,99,Passed,0.0001893
7.4.5 Power Test F_TEMP_MEAS_MOD OP4(21),75,deg,20,99,Passed,0.0002733
7.4.6 Power Test F_TEMP_MEAS_DRV OP4(21),77,deg,20,99,Passed,0.0005049
7.4.7 Power Test AN_CTP_COOLING_F OP4(21),58,deg,20,99,Passed,0.0002383
7.4.8 Power Test FSEVBLV_Voltage OP4(21),9,V,9,12,Passed,0.0001663
7.4.9 Power Test FSEVBHV_Voltage OP4(21),393,V,360,410,Passed,0.0001861
7.4.10 Power Test FTEABHV_UbatHV OP4(21),391,V,360,410,Passed,0.0002055
7.4.11 Power Test SAEABHV_Voltage OP4(21),393,V,360,410,Passed,0.0003524
7.8.1 Power Test U Current OP8(21),427.983526713878,A,400,500,Passed,0.2058148
7.8.2 Power Test V Current OP8(21),427.221437998989,A,400,500,Passed,0.2064423
7.8.3 Power Test W Current OP8(21),427.07690552278,A,400,500,Passed,0.2067657
7.8.4 Power Test F_TEMP_MEAS_CTL  OP8(21),62,deg,20,99,Passed,0.000167
7.8.5 Power Test F_TEMP_MEAS_MOD OP8(21),75,deg,20,99,Passed,0.0001677
7.8.6 Power Test F_TEMP_MEAS_DRV OP8(21),78,deg,20,99,Passed,0.00028
7.8.7 Power Test AN_CTP_COOLING_F OP8(21),58,deg,20,99,Passed,0.0001727
7.8.8 Power Test FSEVBLV_Voltage OP8(21),15,V,14,17,Passed,0.0001656
7.8.9 Power Test FSEVBHV_Voltage OP8(21),389,V,360,410,Passed,0.0001783
7.8.10 Power Test FTEABHV_UbatHV OP8(21),388,V,360,410,Passed,0.0004912
7.8.11 Power Test SAEABHV_Voltage OP8(21),389,V,360,410,Passed,0.0001914
7.4.1 Power Test U Current OP4(22),428.153126698275,A,400,500,Passed,0.2097781
7.4.2 Power Test V Current OP4(22),427.742331248043,A,400,500,Passed,0.2072495
7.4.3 Power Test W Current OP4(22),426.851432276717,A,400,500,Passed,0.214748
7.4.4 Power Test F_TEMP_MEAS_CTL  OP4(22),63,deg,20,99,Passed,0.000214
7.4.5 Power Test F_TEMP_MEAS_MOD OP4(22),75,deg,20,99,Passed,0.0001928
7.4.6 Power Test F_TEMP_MEAS_DRV OP4(22),78,deg,20,99,Passed,0.0004788
7.4.7 Power Test AN_CTP_COOLING_F OP4(22),58,deg,20,99,Passed,0.0002761
7.4.8 Power Test FSEVBLV_Voltage OP4(22),9,V,9,12,Passed,0.0002726
7.4.9 Power Test FSEVBHV_Voltage OP4(22),386,V,360,410,Passed,0.0001896
7.4.10 Power Test FTEABHV_UbatHV OP4(22),384,V,360,410,Passed,0.0006603
7.4.11 Power Test SAEABHV_Voltage OP4(22),386,V,360,410,Passed,0.0006571
7.8.1 Power Test U Current OP8(22),428.580469546521,A,400,500,Passed,0.2078424
7.8.2 Power Test V Current OP8(22),426.858576751592,A,400,500,Passed,0.2072707
7.8.3 Power Test W Current OP8(22),426.54330877891,A,400,500,Passed,0.2059727
7.8.4 Power Test F_TEMP_MEAS_CTL  OP8(22),63,deg,20,99,Passed,0.0001656
7.8.5 Power Test F_TEMP_MEAS_MOD OP8(22),75,deg,20,99,Passed,0.0001624
7.8.6 Power Test F_TEMP_MEAS_DRV OP8(22),79,deg,20,99,Passed,0.0001797
7.8.7 Power Test AN_CTP_COOLING_F OP8(22),58,deg,20,99,Passed,0.0001896
7.8.8 Power Test FSEVBLV_Voltage OP8(22),15,V,14,17,Passed,0.0001995
7.8.9 Power Test FSEVBHV_Voltage OP8(22),388,V,360,410,Passed,0.000452
7.8.10 Power Test FTEABHV_UbatHV OP8(22),390,V,360,410,Passed,0.0002161
7.8.11 Power Test SAEABHV_Voltage OP8(22),388,V,360,410,Passed,0.000208
7.4.1 Power Test U Current OP4(23),428.303533316217,A,400,500,Passed,0.2100108
7.4.2 Power Test V Current OP4(23),427.351019082472,A,400,500,Passed,0.2089455
7.4.3 Power Test W Current OP4(23),426.381128613794,A,400,500,Passed,0.2058795
7.4.4 Power Test F_TEMP_MEAS_CTL  OP4(23),64,deg,20,99,Passed,0.0001649
7.4.5 Power Test F_TEMP_MEAS_MOD OP4(23),75,deg,20,99,Passed,0.000173
7.4.6 Power Test F_TEMP_MEAS_DRV OP4(23),79,deg,20,99,Passed,0.0001783
7.4.7 Power Test AN_CTP_COOLING_F OP4(23),58,deg,20,99,Passed,0.0002408
7.4.8 Power Test FSEVBLV_Voltage OP4(23),9,V,9,12,Passed,0.0002532
7.4.9 Power Test FSEVBHV_Voltage OP4(23),393,V,360,410,Passed,0.0002013
7.4.10 Power Test FTEABHV_UbatHV OP4(23),388,V,360,410,Passed,0.0004149
7.4.11 Power Test SAEABHV_Voltage OP4(23),393,V,360,410,Passed,0.000792
7.8.1 Power Test U Current OP8(23),427.933767797496,A,400,500,Passed,0.2096845
7.8.2 Power Test V Current OP8(23),426.825067824848,A,400,500,Passed,0.2083395
7.8.3 Power Test W Current OP8(23),426.561083063375,A,400,500,Passed,0.2087452
7.8.4 Power Test F_TEMP_MEAS_CTL  OP8(23),64,deg,20,99,Passed,0.0002814
7.8.5 Power Test F_TEMP_MEAS_MOD OP8(23),75,deg,20,99,Passed,0.0002493
7.8.6 Power Test F_TEMP_MEAS_DRV OP8(23),80,deg,20,99,Passed,0.0005441
7.8.7 Power Test AN_CTP_COOLING_F OP8(23),58,deg,20,99,Passed,0.0002309
7.8.8 Power Test FSEVBLV_Voltage OP8(23),15,V,14,17,Passed,0.0001758
7.8.9 Power Test FSEVBHV_Voltage OP8(23),386,V,360,410,Passed,0.0001903
7.8.10 Power Test FTEABHV_UbatHV OP8(23),385,V,360,410,Passed,0.0002193
7.8.11 Power Test SAEABHV_Voltage OP8(23),386,V,360,410,Passed,0.0002952
7.4.1 Power Test U Current OP4(24),427.853480864564,A,400,500,Passed,0.2077615
7.4.2 Power Test V Current OP4(24),427.010159943629,A,400,500,Passed,0.2072283
7.4.3 Power Test W Current OP4(24),426.937899047995,A,400,500,Passed,0.2074857
7.4.4 Power Test F_TEMP_MEAS_CTL  OP4(24),64,deg,20,99,Passed,0.0001638
7.4.5 Power Test F_TEMP_MEAS_MOD OP4(24),75,deg,20,99,Passed,0.0001716
7.4.6 Power Test F_TEMP_MEAS_DRV OP4(24),80,deg,20,99,Passed,0.0002609
7.4.7 Power Test AN_CTP_COOLING_F OP4(24),58,deg,20,99,Passed,0.0001667
7.4.8 Power Test FSEVBLV_Voltage OP4(24),9,V,9,12,Passed,0.0002097
7.4.9 Power Test FSEVBHV_Voltage OP4(24),387,V,360,410,Passed,0.000196
7.4.10 Power Test FTEABHV_UbatHV OP4(24),386,V,360,410,Passed,0.0002398
7.4.11 Power Test SAEABHV_Voltage OP4(24),387,V,360,410,Passed,0.0001931
7.8.1 Power Test U Current OP8(24),427.997488106102,A,400,500,Passed,0.2095125
7.8.2 Power Test V Current OP8(24),426.140908755013,A,400,500,Passed,0.2081496
7.8.3 Power Test W Current OP8(24),426.524641687155,A,400,500,Passed,0.2063477
7.8.4 Power Test F_TEMP_MEAS_CTL  OP8(24),65,deg,20,99,Passed,0.000185
7.8.5 Power Test F_TEMP_MEAS_MOD OP8(24),75,deg,20,99,Passed,0.0002126
7.8.6 Power Test F_TEMP_MEAS_DRV OP8(24),81,deg,20,99,Passed,0.0002874
7.8.7 Power Test AN_CTP_COOLING_F OP8(24),59,deg,20,99,Passed,0.0002835
7.8.8 Power Test FSEVBLV_Voltage OP8(24),15,V,14,17,Passed,0.0001893
7.8.9 Power Test FSEVBHV_Voltage OP8(24),384,V,360,410,Passed,0.0001992
7.8.10 Power Test FTEABHV_UbatHV OP8(24),383,V,360,410,Passed,0.0005166
7.8.11 Power Test SAEABHV_Voltage OP8(24),384,V,360,410,Passed,0.0003167
7.4.1 Power Test U Current OP4(25),429.512948507115,A,400,500,Passed,0.2094433
7.4.2 Power Test V Current OP4(25),426.678130904336,A,400,500,Passed,0.2080295
7.4.3 Power Test W Current OP4(25),427.453351822623,A,400,500,Passed,0.2075641
7.4.4 Power Test F_TEMP_MEAS_CTL  OP4(25),65,deg,20,99,Passed,0.0004357
7.4.5 Power Test F_TEMP_MEAS_MOD OP4(25),75,deg,20,99,Passed,0.0001727
7.4.6 Power Test F_TEMP_MEAS_DRV OP4(25),81,deg,20,99,Passed,0.0001698
7.4.7 Power Test AN_CTP_COOLING_F OP4(25),59,deg,20,99,Passed,0.0002613
7.4.8 Power Test FSEVBLV_Voltage OP4(25),9,V,9,12,Passed,0.000351
7.4.9 Power Test FSEVBHV_Voltage OP4(25),395,V,360,410,Passed,0.0004029
7.4.10 Power Test FTEABHV_UbatHV OP4(25),391,V,360,410,Passed,0.0006479
7.4.11 Power Test SAEABHV_Voltage OP4(25),395,V,360,410,Passed,0.0002143
7.8.1 Power Test U Current OP8(25),428.5240755282,A,400,500,Passed,0.2082237
7.8.2 Power Test V Current OP8(25),427.060416902661,A,400,500,Passed,0.2065486
7.8.3 Power Test W Current OP8(25),426.501155682057,A,400,500,Passed,0.2076496
7.8.4 Power Test F_TEMP_MEAS_CTL  OP8(25),65,deg,20,99,Passed,0.0001716
7.8.5 Power Test F_TEMP_MEAS_MOD OP8(25),76,deg,20,99,Passed,0.0002514
7.8.6 Power Test F_TEMP_MEAS_DRV OP8(25),81,deg,20,99,Passed,0.0001811
7.8.7 Power Test AN_CTP_COOLING_F OP8(25),59,deg,20,99,Passed,0.0003157
7.8.8 Power Test FSEVBLV_Voltage OP8(25),15,V,14,17,Passed,0.0001737
7.8.9 Power Test FSEVBHV_Voltage OP8(25),387,V,360,410,Passed,0.00034
7.8.10 Power Test FTEABHV_UbatHV OP8(25),386,V,360,410,Passed,0.0003782
7.8.11 Power Test SAEABHV_Voltage OP8(25),387,V,360,410,Passed,0.0002013
7.4.1 Power Test U Current OP4(26),429.025390626736,A,400,500,Passed,0.2085369
7.4.2 Power Test V Current OP4(26),426.87242958209,A,400,500,Passed,0.207378
7.4.3 Power Test W Current OP4(26),426.894895410347,A,400,500,Passed,0.2068614
7.4.4 Power Test F_TEMP_MEAS_CTL  OP4(26),66,deg,20,99,Passed,0.0001663
7.4.5 Power Test F_TEMP_MEAS_MOD OP4(26),76,deg,20,99,Passed,0.0001776
7.4.6 Power Test F_TEMP_MEAS_DRV OP4(26),82,deg,20,99,Passed,0.0002104
7.4.7 Power Test AN_CTP_COOLING_F OP4(26),59,deg,20,99,Passed,0.0001617
7.4.8 Power Test FSEVBLV_Voltage OP4(26),9,V,9,12,Passed,0.000172
7.4.9 Power Test FSEVBHV_Voltage OP4(26),391,V,360,410,Passed,0.0002309
7.4.10 Power Test FTEABHV_UbatHV OP4(26),390,V,360,410,Passed,0.0002006
7.4.11 Power Test SAEABHV_Voltage OP4(26),391,V,360,410,Passed,0.0003566
7.8.1 Power Test U Current OP8(26),428.337756452785,A,400,500,Passed,0.2077671
7.8.2 Power Test V Current OP8(26),427.335839591493,A,400,500,Passed,0.2131251
7.8.3 Power Test W Current OP8(26),427.127588899231,A,400,500,Passed,0.2066044
7.8.4 Power Test F_TEMP_MEAS_CTL  OP8(26),66,deg,20,99,Passed,0.0001681
7.8.5 Power Test F_TEMP_MEAS_MOD OP8(26),76,deg,20,99,Passed,0.000178
7.8.6 Power Test F_TEMP_MEAS_DRV OP8(26),82,deg,20,99,Passed,0.0001741
7.8.7 Power Test AN_CTP_COOLING_F OP8(26),59,deg,20,99,Passed,0.0001603
7.8.8 Power Test FSEVBLV_Voltage OP8(26),15,V,14,17,Passed,0.0001624
7.8.9 Power Test FSEVBHV_Voltage OP8(26),393,V,360,410,Passed,0.0001949
7.8.10 Power Test FTEABHV_UbatHV OP8(26),391,V,360,410,Passed,0.0001992
7.8.11 Power Test SAEABHV_Voltage OP8(26),393,V,360,410,Passed,0.0004343
7.4.1 Power Test U Current OP4(27),428.572349464655,A,400,500,Passed,0.2062396
7.4.2 Power Test V Current OP4(27),427.314035423047,A,400,500,Passed,0.2075902
7.4.3 Power Test W Current OP4(27),427.112543367555,A,400,500,Passed,0.2076051
7.4.4 Power Test F_TEMP_MEAS_CTL  OP4(27),66,deg,20,99,Passed,0.0001737
7.4.5 Power Test F_TEMP_MEAS_MOD OP4(27),76,deg,20,99,Passed,0.0001988
7.4.6 Power Test F_TEMP_MEAS_DRV OP4(27),83,deg,20,99,Passed,0.0001773
7.4.7 Power Test AN_CTP_COOLING_F OP4(27),59,deg,20,99,Passed,0.000446
7.4.8 Power Test FSEVBLV_Voltage OP4(27),9,V,9,12,Passed,0.0001808
7.4.9 Power Test FSEVBHV_Voltage OP4(27),395,V,360,410,Passed,0.0001928
7.4.10 Power Test FTEABHV_UbatHV OP4(27),394,V,360,410,Passed,0.0002172
7.4.11 Power Test SAEABHV_Voltage OP4(27),395,V,360,410,Passed,0.0003704
7.8.1 Power Test U Current OP8(27),429.139543167043,A,400,500,Passed,0.2063134
7.8.2 Power Test V Current OP8(27),426.541433760106,A,400,500,Passed,0.2076489
7.8.3 Power Test W Current OP8(27),427.518490838813,A,400,500,Passed,0.2077947
7.8.4 Power Test F_TEMP_MEAS_CTL  OP8(27),67,deg,20,99,Passed,0.0002616
7.8.5 Power Test F_TEMP_MEAS_MOD OP8(27),76,deg,20,99,Passed,0.0006412
7.8.6 Power Test F_TEMP_MEAS_DRV OP8(27),83,deg,20,99,Passed,0.0002468
7.8.7 Power Test AN_CTP_COOLING_F OP8(27),59,deg,20,99,Passed,0.0001871
7.8.8 Power Test FSEVBLV_Voltage OP8(27),15,V,14,17,Passed,0.000179
7.8.9 Power Test FSEVBHV_Voltage OP8(27),394,V,360,410,Passed,0.0001999
7.8.10 Power Test FTEABHV_UbatHV OP8(27),392,V,360,410,Passed,0.0007334
7.8.11 Power Test SAEABHV_Voltage OP8(27),394,V,360,410,Passed,0.0007571
7.4.1 Power Test U Current OP4(28),428.60912270619,A,400,500,Passed,0.2062961
7.4.2 Power Test V Current OP4(28),426.921484927486,A,400,500,Passed,0.2067442
7.4.3 Power Test W Current OP4(28),426.652713332978,A,400,500,Passed,0.2067619
7.4.4 Power Test F_TEMP_MEAS_CTL  OP4(28),67,deg,20,99,Passed,0.0001939
7.4.5 Power Test F_TEMP_MEAS_MOD OP4(28),76,deg,20,99,Passed,0.0002228
7.4.6 Power Test F_TEMP_MEAS_DRV OP4(28),83,deg,20,99,Passed,0.000161
7.4.7 Power Test AN_CTP_COOLING_F OP4(28),59,deg,20,99,Passed,0.0001727
7.4.8 Power Test FSEVBLV_Voltage OP4(28),9,V,9,12,Passed,0.0001868
7.4.9 Power Test FSEVBHV_Voltage OP4(28),397,V,360,410,Passed,0.0004301
7.4.10 Power Test FTEABHV_UbatHV OP4(28),395,V,360,410,Passed,0.00022
7.4.11 Power Test SAEABHV_Voltage OP4(28),397,V,360,410,Passed,0.0002966
7.8.1 Power Test U Current OP8(28),427.875096388371,A,400,500,Passed,0.2067619
7.8.2 Power Test V Current OP8(28),427.240883247008,A,400,500,Passed,0.2072474
7.8.3 Power Test W Current OP8(28),426.669725685432,A,400,500,Passed,0.2069614
7.8.4 Power Test F_TEMP_MEAS_CTL  OP8(28),67,deg,20,99,Passed,0.0001924
7.8.5 Power Test F_TEMP_MEAS_MOD OP8(28),76,deg,20,99,Passed,0.0001674
7.8.6 Power Test F_TEMP_MEAS_DRV OP8(28),84,deg,20,99,Passed,0.0002182
7.8.7 Power Test AN_CTP_COOLING_F OP8(28),59,deg,20,99,Passed,0.0002828
7.8.8 Power Test FSEVBLV_Voltage OP8(28),15,V,14,17,Passed,0.0001709
7.8.9 Power Test FSEVBHV_Voltage OP8(28),391,V,360,410,Passed,0.0002267
7.8.10 Power Test FTEABHV_UbatHV OP8(28),390,V,360,410,Passed,0.0006589
7.8.11 Power Test SAEABHV_Voltage OP8(28),391,V,360,410,Passed,0.0006253
7.4.1 Power Test U Current OP4(29),428.197503263809,A,400,500,Passed,0.2075895
7.4.2 Power Test V Current OP4(29),427.362279730108,A,400,500,Passed,0.2068042
7.4.3 Power Test W Current OP4(29),426.30702338273,A,400,500,Passed,0.2067481
7.4.4 Power Test F_TEMP_MEAS_CTL  OP4(29),67,deg,20,99,Passed,0.0001815
7.4.5 Power Test F_TEMP_MEAS_MOD OP4(29),75,deg,20,99,Passed,0.0002581
7.4.6 Power Test F_TEMP_MEAS_DRV OP4(29),84,deg,20,99,Passed,0.0001621
7.4.7 Power Test AN_CTP_COOLING_F OP4(29),59,deg,20,99,Passed,0.0001857
7.4.8 Power Test FSEVBLV_Voltage OP4(29),9,V,9,12,Passed,0.0001794
7.4.9 Power Test FSEVBHV_Voltage OP4(29),392,V,360,410,Passed,0.0002924
7.4.10 Power Test FTEABHV_UbatHV OP4(29),391,V,360,410,Passed,0.0001797
7.4.11 Power Test SAEABHV_Voltage OP4(29),392,V,360,410,Passed,0.0002316
7.8.1 Power Test U Current OP8(29),430.034416518948,A,400,500,Passed,0.2033004
7.8.2 Power Test V Current OP8(29),426.18289325229,A,400,500,Passed,0.2085962
7.8.3 Power Test W Current OP8(29),426.803019606087,A,400,500,Passed,0.2073946
7.8.4 Power Test F_TEMP_MEAS_CTL  OP8(29),68,deg,20,99,Passed,0.0001766
7.8.5 Power Test F_TEMP_MEAS_MOD OP8(29),75,deg,20,99,Passed,0.0001776
7.8.6 Power Test F_TEMP_MEAS_DRV OP8(29),84,deg,20,99,Passed,0.0001649
7.8.7 Power Test AN_CTP_COOLING_F OP8(29),59,deg,20,99,Passed,0.0001585
7.8.8 Power Test FSEVBLV_Voltage OP8(29),15,V,14,17,Passed,0.0002352
7.8.9 Power Test FSEVBHV_Voltage OP8(29),391,V,360,410,Passed,0.0004795
7.8.10 Power Test FTEABHV_UbatHV OP8(29),387,V,360,410,Passed,0.0002126
7.8.11 Power Test SAEABHV_Voltage OP8(29),391,V,360,410,Passed,0.0005671
7.4.1 Power Test U Current OP4(30),428.52941577719,A,400,500,Passed,0.2069956
7.4.2 Power Test V Current OP4(30),426.892421375554,A,400,500,Passed,0.214784
7.4.3 Power Test W Current OP4(30),426.600893177157,A,400,500,Passed,0.2101326
7.4.4 Power Test F_TEMP_MEAS_CTL  OP4(30),68,deg,20,99,Passed,0.0002638
7.4.5 Power Test F_TEMP_MEAS_MOD OP4(30),75,deg,20,99,Passed,0.0001963
7.4.6 Power Test F_TEMP_MEAS_DRV OP4(30),85,deg,20,99,Passed,0.0001656
7.4.7 Power Test AN_CTP_COOLING_F OP4(30),59,deg,20,99,Passed,0.0002023
7.4.8 Power Test FSEVBLV_Voltage OP4(30),9,V,9,12,Passed,0.000184
7.4.9 Power Test FSEVBHV_Voltage OP4(30),385,V,360,410,Passed,0.0004975
7.4.10 Power Test FTEABHV_UbatHV OP4(30),388,V,360,410,Passed,0.0005544
7.4.11 Power Test SAEABHV_Voltage OP4(30),385,V,360,410,Passed,0.0002235
7.8.1 Power Test U Current OP8(30),428.656878155095,A,400,500,Passed,0.2106082
7.8.2 Power Test V Current OP8(30),427.640029109122,A,400,500,Passed,0.2073205
7.8.3 Power Test W Current OP8(30),427.163302768638,A,400,500,Passed,0.2095507
7.8.4 Power Test F_TEMP_MEAS_CTL  OP8(30),68,deg,20,99,Passed,0.0001787
7.8.5 Power Test F_TEMP_MEAS_MOD OP8(30),75,deg,20,99,Passed,0.0002451
7.8.6 Power Test F_TEMP_MEAS_DRV OP8(30),85,deg,20,99,Passed,0.0004329
7.8.7 Power Test AN_CTP_COOLING_F OP8(30),59,deg,20,99,Passed,0.0001843
7.8.8 Power Test FSEVBLV_Voltage OP8(30),15,V,14,17,Passed,0.0001645
7.8.9 Power Test FSEVBHV_Voltage OP8(30),388,V,360,410,Passed,0.0001977
7.8.10 Power Test FTEABHV_UbatHV OP8(30),385,V,360,410,Passed,0.0002468
7.8.11 Power Test SAEABHV_Voltage OP8(30),388,V,360,410,Passed,0.0002203
7.4.1 Power Test U Current OP4(31),428.030615620289,A,400,500,Passed,0.2078402
7.4.2 Power Test V Current OP4(31),428.068502195327,A,400,500,Passed,0.2093275
7.4.3 Power Test W Current OP4(31),427.170753401503,A,400,500,Passed,0.2082117
7.4.4 Power Test F_TEMP_MEAS_CTL  OP4(31),68,deg,20,99,Passed,0.0001924
7.4.5 Power Test F_TEMP_MEAS_MOD OP4(31),75,deg,20,99,Passed,0.0001822
7.4.6 Power Test F_TEMP_MEAS_DRV OP4(31),85,deg,20,99,Passed,0.0001787
7.4.7 Power Test AN_CTP_COOLING_F OP4(31),59,deg,20,99,Passed,0.0001621
7.4.8 Power Test FSEVBLV_Voltage OP4(31),9,V,9,12,Passed,0.0003951
7.4.9 Power Test FSEVBHV_Voltage OP4(31),393,V,360,410,Passed,0.000179
7.4.10 Power Test FTEABHV_UbatHV OP4(31),391,V,360,410,Passed,0.0002002
7.4.11 Power Test SAEABHV_Voltage OP4(31),393,V,360,410,Passed,0.0002684
7.8.1 Power Test U Current OP8(31),428.500473762147,A,400,500,Passed,0.2188585
7.8.2 Power Test V Current OP8(31),428.068028328264,A,400,500,Passed,0.2142667
7.8.3 Power Test W Current OP8(31),427.008062974735,A,400,500,Passed,0.2141029
7.8.4 Power Test F_TEMP_MEAS_CTL  OP8(31),69,deg,20,99,Passed,0.0003881
7.8.5 Power Test F_TEMP_MEAS_MOD OP8(31),75,deg,20,99,Passed,0.0001734
7.8.6 Power Test F_TEMP_MEAS_DRV OP8(31),85,deg,20,99,Passed,0.0004262
7.8.7 Power Test AN_CTP_COOLING_F OP8(31),59,deg,20,99,Passed,0.0001977
7.8.8 Power Test FSEVBLV_Voltage OP8(31),15,V,14,17,Passed,0.0002034
7.8.9 Power Test FSEVBHV_Voltage OP8(31),387,V,360,410,Passed,0.0002126
7.8.10 Power Test FTEABHV_UbatHV OP8(31),387,V,360,410,Passed,0.0005741
7.8.11 Power Test SAEABHV_Voltage OP8(31),387,V,360,410,Passed,0.0003181
7.0.1 Error Code Check,62 FD 41 EF FF FF FF FF FF,,62 FD 41 EF FF FF FF FF FF,62 FD 41 EF FF FF FF FF FF,Passed,6.07E-05
If,,,,,Done,3.95E-05
End,,,,,Done,2.33E-05
 